メンテ,品番,メーカーコード,TAB価格,適用日
OR,Z0021341AR-S,142,37100,2026年4月2日
OR,Z0021341AR-F,149,37100,2026年4月2日
OR,Z0020942R-V,139,34400,2026年4月2日
OR,Z0020942R-S,142,34400,2026年4月2日
OR,Z0015551AR-S,142,43600,2026年4月2日
OR,Z0015551AR-M-SS,133,43600,2026年4月2日
OR,Z0014247AR-S,142,41000,2026年4月2日
OR,Z0012269AR-S,142,37100,2026年4月2日
OR,Z0012152AR-S,142,32300,2026年4月2日
OR,Z0006291AR-S,142,37800,2026年4月2日
OR,Z0004399AR-S,142,30630,2026年4月2日
OR,V09A1AA4AKR-S,550,35500,2026年4月2日
OR,V08A1AC4ADR-S,550,36100,2026年4月2日
OR,V08A1AA4AGR-S,550,35500,2026年4月2日
OR,TR3800R-S1,151,31360,2026年4月2日
OR,TR3800R-M-SS,155,31360,2026年4月2日
OR,TR3800R,150,31360,2026年4月2日
OR,TR3612R,150,34700,2026年4月2日
OR,TR3470R-S,151,25890,2026年4月2日
OR,TR3470R-O,156,25890,2026年4月2日
OR,TR3405R-S,151,39400,2026年4月2日
OR,TR3370R-S,151,35500,2026年4月2日
OR,TL07A0AB5SXR-S,550,22800,2026年4月2日
OR,TL07A0AA5SXR-S,550,29100,2026年4月2日
OR,T97697AR-V,139,36530,2026年4月2日
OR,T97697AR-S,142,36530,2026年4月2日
OR,T97697AR-M-SS,133,36530,2026年4月2日
OR,T964038AR-S,142,35280,2026年4月2日
OR,T59469AAR-V,139,34400,2026年4月2日
OR,T59469AAR-S,142,34400,2026年4月2日
OR,T59469AAR-O,129,34400,2026年4月2日
OR,T21380BCR-T,140,34840,2026年4月2日
OR,T21380BCR-M-SS,133,34840,2026年4月2日
OR,T21380BCR-DK,143,34840,2026年4月2日
OR,ST3902R-S,151,37100,2026年4月2日
OR,ST3902R-F,154,37100,2026年4月2日
OR,SS63DLH2R-S,71,21000,2026年4月2日
OR,SS10LV8R-S,71,26300,2026年4月2日
OR,SS10LK10R-S,71,25900,2026年4月2日
OR,SS10LF10R-S,71,24200,2026年4月2日
OR,SS10LF10R,70,24200,2026年4月2日
OR,SS07LT8-SR,72,19400,2026年4月2日
OR,SS07LT8R-S,71,19400,2026年4月2日
OR,SS07LT8R,70,19400,2026年4月2日
OR,SS06LT16R-S,71,19400,2026年4月2日
OR,SS06LT15-SR,72,20110,2026年4月2日
OR,SS06LT15R-S,71,20110,2026年4月2日
OR,SS06LT15R,70,20110,2026年4月2日
OR,SS06LT15A-SR,72,20110,2026年4月2日
OR,SS04LT9R-S,71,24200,2026年4月2日
OR,SM760-04R-S,170,18600,2026年4月2日
OR,SM760-03R-S,170,18600,2026年4月2日
OR,SM750-08R-S,170,18600,2026年4月2日
OR,SM740-17R-S,170,18600,2026年4月2日
OR,SM740-03R-S,170,18600,2026年4月2日
OR,SM740-02R-S,170,18600,2026年4月2日
OR,SM740-01R-S,170,18600,2026年4月2日
OR,SM442-42R,170,19200,2026年4月2日
OR,SM442-10R,170,22700,2026年4月2日
OR,SD7171R-S,151,34500,2026年4月2日
OR,SD7171R-F,153,34500,2026年4月2日
OR,SD7171R-E,150,34500,2026年4月2日
OR,SD6057R-F,154,49200,2026年4月2日
OR,SD4116R-Y,158,47600,2026年4月2日
OR,SD4116R-M-SS,155,47600,2026年4月2日
OR,SD4116R,154,47600,2026年4月2日
OR,SD4116R-KD,153,47600,2026年4月2日
OR,S25-521R-IF2,20,33614,2026年4月2日
OR,S25-521R-IF,20,33614,2026年4月2日
OR,S25-521R,20,28530,2026年4月2日
OR,S25-512AR-IF,20,33614,2026年4月2日
OR,S25-512AR,20,32800,2026年4月2日
OR,S25-511R,20,32800,2026年4月2日
OR,S25-505R-S,20,27734,2026年4月2日
OR,S25-505CR-S-IF,20,29700,2026年4月2日
OR,S25-505CR-IF,20,29700,2026年4月2日
OR,S25-505CR,20,27734,2026年4月2日
OR,S25-501AR,20,30500,2026年4月2日
OR,S25-163GR,20,27600,2026年4月2日
OR,S25-160R,20,70500,2026年4月2日
OR,S14-408CR,20,36500,2026年4月2日
OR,S14-408AR,20,36500,2026年4月2日
OR,S14-206AR,20,31600,2026年4月2日
OR,S14-205R,20,23000,2026年4月2日
OR,S13-763R,20,43250,2026年4月2日
OR,S13-759R,20,40110,2026年4月2日
OR,S13-559BR,20,36500,2026年4月2日
OR,S13-553AR,20,23790,2026年4月2日
OR,S13-404R,20,39600,2026年4月2日
OR,S13-327R,20,36300,2026年4月2日
OR,S114-959BR,20,14300,2026年4月2日
OR,S114-927AR,20,23000,2026年4月2日
OR,S114-902AR,20,18200,2026年4月2日
OR,S114-901DR,20,12740,2026年4月2日
OR,S114-881R,20,18200,2026年4月2日
OR,S114-847R,20,19600,2026年4月2日
OR,S114-844R,20,12900,2026年4月2日
OR,S114-840R,20,13300,2026年4月2日
OR,S114-818AR,20,18200,2026年4月2日
OR,S114-801CR,20,12900,2026年4月2日
OR,S114-800BR,20,18200,2026年4月2日
OR,MK667725R-F,9980,41000,2026年4月2日
OR,MK667724R-KD,9127,33740,2026年4月2日
OR,MK667724R-F,9980,33740,2026年4月2日
OR,MK667723R-F,9980,33780,2026年4月2日
OR,MK667723R,9110,33780,2026年4月2日
OR,MK667722R-F2,9980,37800,2026年4月2日
OR,MK667722R-2,9110,37800,2026年4月2日
OR,MK667722R,9110,37800,2026年4月2日
OR,M009T80972R,50,46200,2026年4月2日
OR,M009T64973R-F,44,54300,2026年4月2日
OR,M009T62371R,50,32000,2026年4月2日
OR,M009T61871R-I,30,52600,2026年4月2日
OR,M008T87471R,50,31500,2026年4月2日
OR,M008T87271R,50,33800,2026年4月2日
OR,M008T85771R-SW,50,29900,2026年4月2日
OR,M008T85771R,50,25600,2026年4月2日
OR,M008T85671R,50,23200,2026年4月2日
OR,M008T85571R,50,25400,2026年4月2日
OR,M008T85271BR-SW,50,27800,2026年4月2日
OR,M008T85271BR,50,26300,2026年4月2日
OR,M008T85071BR,50,23500,2026年4月2日
OR,M008T80071BR,50,24600,2026年4月2日
OR,M008T75971R,50,21800,2026年4月2日
OR,M008T75871R,50,24500,2026年4月2日
OR,M008T75073R,50,25200,2026年4月2日
OR,M008T75071AR,50,27200,2026年4月2日
OR,M008T63871R,50,35050,2026年4月2日
OR,M008T62971R-I,50,50000,2026年4月2日
OR,M008T62371R,50,37200,2026年4月2日
OR,M008T60972R,50,31300,2026年4月2日
OR,M008T60971R,50,28600,2026年4月2日
OR,M008T60175R,50,31300,2026年4月2日
OR,M008T60173R,50,30000,2026年4月2日
OR,M008T60071R,50,34300,2026年4月2日
OR,M003T24482KR,50,8580,2026年4月2日
OR,M002TS0672R,50,28980,2026年4月2日
OR,M002T87471R,50,22300,2026年4月2日
OR,M002T78072BR,50,39600,2026年4月2日
OR,M002T69381R,50,39300,2026年4月2日
OR,M002T67981R,50,34500,2026年4月2日
OR,M002T47981R,50,8580,2026年4月2日
OR,M002T47781R,50,9920,2026年4月2日
OR,M002T47581R,50,7860,2026年4月2日
OR,M002T47383R,50,8800,2026年4月2日
OR,M002T47081R,50,7860,2026年4月2日
OR,M002T46481R,50,8720,2026年4月2日
OR,M002T42581R,50,8090,2026年4月2日
OR,M002T42482R,50,7860,2026年4月2日
OR,M002T13481R,50,7860,2026年4月2日
OR,M001T81582RL,50,15100,2026年4月2日
OR,M001T31072R,50,27220,2026年4月2日
OR,M000TD1172R,50,11500,2026年4月2日
OR,M000TD0571R-S1,50,13000,2026年4月2日
OR,M000TC5171R,50,12740,2026年4月2日
OR,M000TC5071R,50,14300,2026年4月2日
OR,M000TA0271R,50,11500,2026年4月2日
OR,M000T90981R,50,11900,2026年4月2日
OR,M000T89281RL,50,16100,2026年4月2日
OR,M000T84581R,50,11500,2026年4月2日
OR,M000T83681R,50,12800,2026年4月2日
OR,M000T82881R,50,13000,2026年4月2日
OR,M000T80081R,50,11000,2026年4月2日
OR,M000T60081AR,50,11500,2026年4月2日
OR,M000T50571R,50,15300,2026年4月2日
OR,M000T46471ZTR,50,16000,2026年4月2日
OR,M000T45771ZTR,50,11900,2026年4月2日
OR,M000T45671ZTR,50,10530,2026年4月2日
OR,M000T40571ZTR,50,13000,2026年4月2日
OR,M000T40371ZTR,50,13300,2026年4月2日
OR,M000T40071ZTR-S1,50,11300,2026年4月2日
OR,M000T38371R,50,10800,2026年4月2日
OR,M000T38071R,50,11500,2026年4月2日
OR,M000T36671R,50,15800,2026年4月2日
OR,M000T36371R,50,15800,2026年4月2日
OR,M000T36071R,50,11500,2026年4月2日
OR,M000T33371R,50,11500,2026年4月2日
OR,M000T32171R,50,11500,2026年4月2日
OR,M000T30771R,50,11500,2026年4月2日
OR,M000T21571R,50,14300,2026年4月2日
OR,M000T20175R,50,12200,2026年4月2日
OR,LR945-904R,20,55600,2026年4月2日
OR,LR280-707BR-O-IF,20,81634,2026年4月2日
OR,LR280-707BR-O,20,65800,2026年4月2日
OR,LR280-508R-VP-O,20,67700,2026年4月2日
OR,LR270-701BR,20,77800,2026年4月2日
OR,LR270-06CR,20,92900,2026年4月2日
OR,LR260-512R-VP-O,20,66800,2026年4月2日
OR,LR260-512R-VP,20,66800,2026年4月2日
OR,LR260-512R-S-VP-I,20,66800,2026年4月2日
OR,LR250-708ER,20,40900,2026年4月2日
OR,LR250-707CR-F,28,33680,2026年4月2日
OR,LR250-707CR,20,33680,2026年4月2日
OR,LR250-517R-VP-F,28,48600,2026年4月2日
OR,LR250-515R-VP,20,48800,2026年4月2日
OR,LR250-509R-VP,20,50000,2026年4月2日
OR,LR250-508BR-VP,20,45600,2026年4月2日
OR,LR250-507CR-VP,20,39900,2026年4月2日
OR,LR235-503CR-VP,20,51900,2026年4月2日
OR,LR190-771R,20,33900,2026年4月2日
OR,LR190-765R,20,24300,2026年4月2日
OR,LR190-760R,20,24900,2026年4月2日
OR,LR180-771CR,20,41200,2026年4月2日
OR,LR180-761R,20,24300,2026年4月2日
OR,LR180-511BR-VP,20,37900,2026年4月2日
OR,LR180-508BR-VP,20,46460,2026年4月2日
OR,LR170-746GR,20,25000,2026年4月2日
OR,LR165-719R,20,23900,2026年4月2日
OR,LR160-447CR-VP-O2,20,28590,2026年4月2日
OR,LR160-447CR-VP-O,20,28590,2026年4月2日
OR,LR160-447CR-VP,20,28590,2026年4月2日
OR,LR1140-805R,20,26500,2026年4月2日
OR,LR1140-802R,20,23790,2026年4月2日
OR,LR1140-801R,20,20300,2026年4月2日
OR,LR1130-702ER,20,36680,2026年4月2日
OR,LR1110-713R,20,34000,2026年4月2日
OR,LR1100-715R,20,33900,2026年4月2日
OR,KF01-61-450AR-S,131,41000,2026年4月2日
OR,KD45-61-450AR-S,131,40400,2026年4月2日
OR,HN388-6W2-R,160,40400,2026年4月2日
OR,HN388-6W2-R,72,40400,2026年4月2日
OR,HN388-5YS-R,160,45200,2026年4月2日
OR,H12A1AS4EYR-S,550,35500,2026年4月2日
OR,H12A1AG4DYR-S,550,30700,2026年4月2日
OR,H12A1AF4DWR-S,550,36100,2026年4月2日
OR,H12A0AH4QUR-S,550,32300,2026年4月2日
OR,H09A1AD4AUR-S,550,36100,2026年4月2日
OR,H09A1AC4DTR-S,550,36100,2026年4月2日
OR,GHT6-61-450AR-S,131,46000,2026年4月2日
OR,DRZ8-61-450R-S,163,37800,2026年4月2日
OR,DB5H-61-450R-S,9980,43600,2026年4月2日
OR,D11R-61-450R-S,163,37100,2026年4月2日
OR,D09W-61-450R-E,144,35280,2026年4月2日
OR,D07A-61-450R-KD2,143,48000,2026年4月2日
OR,CR926-WL80A,160,41900,2026年4月2日
OR,CR926-7NB0A,160,42000,2026年4月2日
OR,CR926-7MB0A,160,42000,2026年4月2日
OR,CR74P10-SR,72,27500,2026年4月2日
OR,CR74P00-SR,72,25170,2026年4月2日
OR,CR64P00-SR,72,21880,2026年4月2日
OR,CR63R00-SR,72,29900,2026年4月2日
OR,CR59S30-SR,72,32300,2026年4月2日
OR,CR58J70-SR,72,28300,2026年4月2日
OR,CR58J60-SR,72,24200,2026年4月2日
OR,CR58J50-SR,72,24200,2026年4月2日
OR,CR06BM30-SR,72,25900,2026年4月2日
OR,CR06BM00-SR,72,24760,2026年4月2日
OR,CR06BJ40-SR,72,19380,2026年4月2日
OR,C273-61-450AR-S,131,37800,2026年4月2日
OR,C003TA1391RL,50,79200,2026年4月2日
OR,C003TA0491RL,50,79200,2026年4月2日
OR,C002TA0791RL,50,72000,2026年4月2日
OR,BFD1-61-450AR-S,131,40400,2026年4月2日
OR,BBM4-61-450R-S,9980,32300,2026年4月2日
OR,AY-F000BL07U7,45,37800,2026年4月2日
OR,AY-0124655091,45,33780,2026年4月2日
OR,AY-0124555063,45,37800,2026年4月2日
OR,AY-0124525216,45,48300,2026年4月2日
OR,AX-439869,45,95000,2026年4月2日
OR,AV-439869,45,81536,2026年4月2日
OR,AKS200A402BR-S,52,35500,2026年4月2日
OR,AKS200A402BR-M-SS,66,35500,2026年4月2日
OR,AKS200A211AR-S,52,36300,2026年4月2日
OR,AKS200A205AR-S,52,29200,2026年4月2日
OR,AKS200A205AR-O,50,29200,2026年4月2日
OR,AKC200A601CR-S,52,50900,2026年4月2日
OR,AKC200A277R-M-SS,66,29100,2026年4月2日
OR,AKC200A258R-S,52,36300,2026年4月2日
OR,AKC200A257BR-S,52,36900,2026年4月2日
OR,AKC200A253CR-S,52,36900,2026年4月2日
OR,AKC200A252BR-S,52,36300,2026年4月2日
OR,AKC200A205R-S,52,36900,2026年4月2日
OR,AKC200A152R-S,52,36900,2026年4月2日
OR,AKC200A151BR-S,52,36900,2026年4月2日
OR,AKC200A085R-S,52,35500,2026年4月2日
OR,AKC200A080CR-S,52,24700,2026年4月2日
OR,AKC200A051BR-S,52,36300,2026年4月2日
OR,AKC200A024AR-S,52,28300,2026年4月2日
OR,AKC200A022R-S,52,20110,2026年4月2日
OR,AKC200A021R-S,52,19580,2026年4月2日
OR,AKC200A002R-S,52,23400,2026年4月2日
OR,A007TG0591R,50,19250,2026年4月2日
OR,A007TG0491R,50,23300,2026年4月2日
OR,A007TG0391R,50,17390,2026年4月2日
OR,A007TG0291R,50,15800,2026年4月2日
OR,A007TG0092R,50,15800,2026年4月2日
OR,A007TA0574R,50,39300,2026年4月2日
OR,A006T76381R,50,87700,2026年4月2日
OR,A005TZ0091R,50,21500,2026年4月2日
OR,A005TZ0091AR,50,21500,2026年4月2日
OR,A005TZ0081AR,50,31000,2026年4月2日
OR,A005TV0681R,50,30600,2026年4月2日
OR,A005TL0691ZTR,50,24300,2026年4月2日
OR,A005TL0491R,50,23600,2026年4月2日
OR,A005TL0181R,50,23600,2026年4月2日
OR,A005TJA091R,50,24300,2026年4月2日
OR,A005TJ0591R,50,23600,2026年4月2日
OR,A005TJ0091R,50,24300,2026年4月2日
OR,A005TG3991R,50,16800,2026年4月2日
OR,A005TG3391R,50,16800,2026年4月2日
OR,A005TG2591R,50,24300,2026年4月2日
OR,A005TG1991R,50,25000,2026年4月2日
OR,A005TG0092AER,50,16800,2026年4月2日
OR,A005TB1391R,50,24300,2026年4月2日
OR,A005TA7981R,50,26920,2026年4月2日
OR,A004TU8491R-I,50,62500,2026年4月2日
OR,A004TU8191R,50,44900,2026年4月2日
OR,A004TU8186R,50,46200,2026年4月2日
OR,A004TU6981R,50,41500,2026年4月2日
OR,A004TU6781R,50,45800,2026年4月2日
OR,A004TU6688R,50,41700,2026年4月2日
OR,A004TU6084R,50,39900,2026年4月2日
OR,A004TU5991R,50,34300,2026年4月2日
OR,A004TU4586R,50,32900,2026年4月2日
OR,A004TU3088R,50,39600,2026年4月2日
OR,A004TR8791ZTR-IF,50,74200,2026年4月2日
OR,A004TR8791ZTR,50,45700,2026年4月2日
OR,A004TR8191ZTR-IF,50,80752,2026年4月2日
OR,A004TR8191ZTR,50,42530,2026年4月2日
OR,A004TR7291ZTR-IF,50,69972,2026年4月2日
OR,A004TR7291ZTR,50,47000,2026年4月2日
OR,A004TR5891R-F,44,51500,2026年4月2日
OR,A003TR5691ZTR,50,38571,2026年4月2日
OR,A003TR5493ZTR,50,42500,2026年4月2日
OR,A003TR5288ZTR,50,34200,2026年4月2日
OR,A003TR0188ZTR,50,28900,2026年4月2日
OR,A003TN6679R-VP,50,37200,2026年4月2日
OR,A003TN6493R,50,29000,2026年4月2日
OR,A003TN5188R,50,29900,2026年4月2日
OR,A003TJ3881R,50,45600,2026年4月2日
OR,A003TJ2781AR,50,27600,2026年4月2日
OR,A003TJ0691R,50,23600,2026年4月2日
OR,A003TJ0591R,50,23600,2026年4月2日
OR,A003TG6691BR,50,23600,2026年4月2日
OR,A003TG5381R,50,21700,2026年4月2日
OR,A003TG2881AR,50,27200,2026年4月2日
OR,A003TG0491R,50,24300,2026年4月2日
OR,A003TG0081R,50,28200,2026年4月2日
OR,A003TB5791R,50,24300,2026年4月2日
OR,A003TB1399R,50,23200,2026年4月2日
OR,A003TB1299R,50,24500,2026年4月2日
OR,A003TA2699BR,50,25200,2026年4月2日
OR,A002TXA081R,50,70000,2026年4月2日
OR,A002TX9181R,50,40900,2026年4月2日
OR,A002TX7991R,50,23600,2026年4月2日
OR,A002TX6181R,50,31500,2026年4月2日
OR,A002TX5881R,50,27600,2026年4月2日
OR,A002TX5081AR,50,31500,2026年4月2日
OR,A002TX4781ZTR,50,26500,2026年4月2日
OR,A002TX3291R,50,24300,2026年4月2日
OR,A002TX3081R,50,30000,2026年4月2日
OR,A002TX2881DR,50,32000,2026年4月2日
OR,A002TX2781AR,50,35790,2026年4月2日
OR,A002TX2291R,50,23600,2026年4月2日
OR,A002TX2191ZER,50,25800,2026年4月2日
OR,A002TX1991ZTR,50,22900,2026年4月2日
OR,A002TX1981ZTR,50,23600,2026年4月2日
OR,A002TX0881AR,50,32400,2026年4月2日
OR,A002TX0691R,50,23600,2026年4月2日
OR,A002TX0581R,50,35790,2026年4月2日
OR,A002TN3781R-VP,50,22540,2026年4月2日
OR,A002TN3381R-VP,50,35800,2026年4月2日
OR,A002TJ1881ZTR,50,23600,2026年4月2日
OR,A002TJ0881R,50,23600,2026年4月2日
OR,A002TJ0591R,50,21120,2026年4月2日
OR,A002TJ0581R,50,23600,2026年4月2日
OR,A002TJ0391BR,50,24300,2026年4月2日
OR,A002TJ0291R,50,23600,2026年4月2日
OR,A002TG1791R,50,16800,2026年4月2日
OR,A002TG1781R,50,26200,2026年4月2日
OR,A002TG1391R,50,16800,2026年4月2日
OR,A002TG1381R,50,23000,2026年4月2日
OR,A002TC1391R,50,24300,2026年4月2日
OR,A002TC0591R,50,16800,2026年4月2日
OR,A002TC0091R,50,17300,2026年4月2日
OR,A002TB8691R,50,17300,2026年4月2日
OR,A002TB7591R,50,24300,2026年4月2日
OR,A002TB7291R,50,17300,2026年4月2日
OR,A002TB0091R,50,16800,2026年4月2日
OR,A002TA7191CR,50,16800,2026年4月2日
OR,A002TA6099AR,50,23900,2026年4月2日
OR,A001TG2091R,50,18600,2026年4月2日
OR,A001TG1691R,50,23900,2026年4月2日
OR,A001TG1191R,50,20000,2026年4月2日
OR,A001TG1091R,50,16800,2026年4月2日
OR,A001TG0891R,50,18600,2026年4月2日
OR,A001TG0591R,50,16200,2026年4月2日
OR,A001TG0391R,50,23900,2026年4月2日
OR,A001TG0281R,50,21600,2026年4月2日
OR,A001TG0091R,50,16800,2026年4月2日
OR,A001TA4491R,50,16740,2026年4月2日
OR,A001TA4391AR,50,23300,2026年4月2日
OR,A001TA4091R,50,23300,2026年4月2日
OR,A001TA3991R,50,20300,2026年4月2日
OR,A001TA3592AR,50,23900,2026年4月2日
OR,A001TA3591AR,50,23900,2026年4月2日
OR,A001TA3491AR,50,25000,2026年4月2日
OR,A001TA3091R,50,20900,2026年4月2日
OR,A001TA1891R,50,19600,2026年4月2日
OR,A001TA1691R,50,21300,2026年4月2日
OR,976421-1435,10,41500,2026年4月2日
OR,976421-0614,10,49300,2026年4月2日
OR,976121-1419,10,32200,2026年4月2日
OR,974380-0436,10,15800,2026年4月2日
OR,974380-0401,10,19300,2026年4月2日
OR,974380-0367,10,19300,2026年4月2日
OR,974380-0303,10,16500,2026年4月2日
OR,974380-0228,10,22900,2026年4月2日
OR,974380-0117,10,32900,2026年4月2日
OR,974380-0105,10,35800,2026年4月2日
OR,974380-0071,10,22900,2026年4月2日
OR,974280-0893,10,23600,2026年4月2日
OR,974280-0841,10,32900,2026年4月2日
OR,974280-0730,10,15800,2026年4月2日
OR,972280-0336,10,17900,2026年4月2日
OR,95201-76KA0R-S,163,48400,2026年4月2日
OR,95201-51KB0R-S,142,37100,2026年4月2日
OR,95200-77R00R-S,9980,37100,2026年4月2日
OR,95200-76KA1R-W,160,35790,2026年4月2日
OR,95200-74P10R-S,71,27500,2026年4月2日
OR,95200-74P00R-S,71,25170,2026年4月2日
OR,95200-63R00R-S,71,29100,2026年4月2日
OR,95200-62R11R-S,163,37800,2026年4月2日
OR,95200-62R10R-S,163,37100,2026年4月2日
OR,95200-59S20R-S,163,32300,2026年4月2日
OR,95200-58J70R-S,71,30700,2026年4月2日
OR,95200-58J40R,70,18390,2026年4月2日
OR,95200-52R00R-S,9980,40400,2026年4月2日
OR,92600-WL000R-S,163,40400,2026年4月2日
OR,92600-VZ00AR-M,168,28500,2026年4月2日
OR,92600-HA00AR-M,168,30630,2026年4月2日
OR,92600-ET02AR-V,139,38000,2026年4月2日
OR,92600-ET02AR-S,163,38000,2026年4月2日
OR,92600-CJ75DR-W,160,32300,2026年4月2日
OR,92600-CJ73AR-W,164,28530,2026年4月2日
OR,92600-CJ73AR-S,163,28530,2026年4月2日
OR,92600-CJ70AR-S,163,38800,2026年4月2日
OR,92600-CJ63AR-S,163,39400,2026年4月2日
OR,92600-AU010R-S,163,37800,2026年4月2日
OR,92600-AL000R-S,163,37800,2026年4月2日
OR,92600-5WK0B-SH,9980,101320,2026年4月2日
OR,92600-5WK0BR-O,9980,98110,2026年4月2日
OR,92600-5WK0B,90,98110,2026年4月2日
OR,92600-5TA0BR-S2,150,38800,2026年4月2日
OR,92600-5TA0BR-M-SS,168,38800,2026年4月2日
OR,92600-3XC0AR-V,139,30740,2026年4月2日
OR,92600-3XC0AR-S,142,30740,2026年4月2日
OR,92600-3XC0AR-M,142,30740,2026年4月2日
OR,92600-3XA1BR-S,9980,32300,2026年4月2日
OR,92600-3XA0AR-V,139,32340,2026年4月2日
OR,92600-3XA0AR-S,142,32340,2026年4月2日
OR,92600-3XA0AR-M,168,32340,2026年4月2日
OR,92600-3XA0AR,144,32340,2026年4月2日
OR,92600-3VB2AR-W,160,32300,2026年4月2日
OR,92600-3TA5DR-S-G,163,37890,2026年4月2日
OR,92600-3TA5DR-S,163,37890,2026年4月2日
OR,92600-3TA5DR-F,167,37890,2026年4月2日
OR,92600-3RS5AR-S,142,36100,2026年4月2日
OR,92600-1VA0BR-S,163,33900,2026年4月2日
OR,92600-1VA0AR-V,139,36200,2026年4月2日
OR,92600-1MB1ER-W,160,22900,2026年4月2日
OR,92600-1MB0AR-S,163,48400,2026年4月2日
OR,92600-1KC7AR-W,160,29580,2026年4月2日
OR,92600-1KC6DR-W,160,32300,2026年4月2日
OR,92600-1KC2DR-W,160,32300,2026年4月2日
OR,92600-1KA7DR-W,160,27470,2026年4月2日
OR,92600-1KA2DR-S,163,37800,2026年4月2日
OR,92600-1KA1AR-S,163,29580,2026年4月2日
OR,92600-1JB0AR-V,139,33100,2026年4月2日
OR,92600-1JA1AR-S,142,32800,2026年4月2日
OR,92600-1GZ0AR-V,139,33680,2026年4月2日
OR,92600-1GZ0AR-M,133,33680,2026年4月2日
OR,92600-1DE0AR-S,163,42000,2026年4月2日
OR,92600-1CB0AR-S,163,49200,2026年4月2日
OR,88310-B2090R-S,190,25900,2026年4月2日
OR,7813A478R-S,163,30700,2026年4月2日
OR,7813A478R-O,160,30700,2026年4月2日
OR,7813A477R-S,163,27500,2026年4月2日
OR,7813A454R-S,163,35500,2026年4月2日
OR,73111-SJ030R-S,142,63000,2026年4月2日
OR,73111-SJ030R-F,149,63000,2026年4月2日
OR,73111KG010R-S,163,32800,2026年4月2日
OR,73111KE015R-S,163,26300,2026年4月2日
OR,73111FL020R-S,142,38800,2026年4月2日
OR,73111-FJ040R-V,139,33790,2026年4月2日
OR,73111-FJ040R-S,142,33790,2026年4月2日
OR,73111-FJ040R-M-SS,133,33790,2026年4月2日
OR,73111-FJ040R-KD,143,33790,2026年4月2日
OR,73111FJ030R-S,142,45161,2026年4月2日
OR,73111FE030R-S,163,32800,2026年4月2日
OR,506041-0210R-Y,45,33680,2026年4月2日
OR,506041-0210R-T,140,33680,2026年4月2日
OR,506041-0210R-S,142,33680,2026年4月2日
OR,506041-0120R-S,142,35476,2026年4月2日
OR,506041-0120R-DK,143,35476,2026年4月2日
OR,506021-7560R-S,142,28812,2026年4月2日
OR,506021-7560R-O,129,28812,2026年4月2日
OR,506021-7362R-S,142,28530,2026年4月2日
OR,506021-7360R-O,129,28530,2026年4月2日
OR,506021-7360R-M,133,28530,2026年4月2日
OR,506021-7360R-H1,140,28530,2026年4月2日
OR,506021-7340R-S,142,32300,2026年4月2日
OR,506021-7340R-O,142,32300,2026年4月2日
OR,506021-7120R-S,142,28750,2026年4月2日
OR,506021-7120R-O,129,27340,2026年4月2日
OR,506021-7120R-DK,143,27340,2026年4月2日
OR,506021-6830R-S,142,37100,2026年4月2日
OR,506021-6820R-S,142,37100,2026年4月2日
OR,506021-5400R-S,142,35500,2026年4月2日
OR,506021-2550R-S,142,33900,2026年4月2日
OR,506012-3130R-S,142,32800,2026年4月2日
OR,506012-3060R-V,139,32080,2026年4月2日
OR,506012-3060R-S-G,142,32080,2026年4月2日
OR,506012-3060R-S,142,32080,2026年4月2日
OR,506012-3060R-F,167,32080,2026年4月2日
OR,506012-3060R,142,32080,2026年4月2日
OR,506012-3060R-Y,45,32080,2026年4月2日
OR,506012-3050R-S,142,25900,2026年4月2日
OR,506012-3050R-M,133,25900,2026年4月2日
OR,506012-3050R,144,25900,2026年4月2日
OR,506012-3040R-S,142,32300,2026年4月2日
OR,506012-3040R,144,32300,2026年4月2日
OR,506012-2511R-M,133,30530,2026年4月2日
OR,506012-2310R-SS,143,30530,2026年4月2日
OR,506012-2280R-V,139,26000,2026年4月2日
OR,506012-2280R-SS,143,26000,2026年4月2日
OR,506012-2280R-H1,140,26000,2026年4月2日
OR,506012-2280R-F,167,26000,2026年4月2日
OR,506012-2280R-B,143,26000,2026年4月2日
OR,506012-2280R,144,26000,2026年4月2日
OR,506012-1180R-S,142,27000,2026年4月2日
OR,506012-1180R-H1,140,27000,2026年4月2日
OR,506012-1140R-V,139,34040,2026年4月2日
OR,506012-1140R-S,142,34040,2026年4月2日
OR,506012-1140R-H1,140,34040,2026年4月2日
OR,506012-0920R-S,142,37800,2026年4月2日
OR,506012-0890R-V,139,30530,2026年4月2日
OR,506012-0890R-H1,140,30530,2026年4月2日
OR,506012-0890R,140,30530,2026年4月2日
OR,506012-0790R-S,142,36100,2026年4月2日
OR,506012-0720R-S,142,32300,2026年4月2日
OR,506012-0360R-S,142,38800,2026年4月2日
OR,506012-0350R-Y,45,29300,2026年4月2日
OR,506012-0350R-S,142,29300,2026年4月2日
OR,506012-0350R-DK,143,29300,2026年4月2日
OR,506012-0161R-DK,143,27600,2026年4月2日
OR,506012-0030R-S,142,37100,2026年4月2日
OR,506011-9700R-S,142,33712,2026年4月2日
OR,506011-9650R-S,142,37800,2026年4月2日
OR,506011-9640R-S,142,37800,2026年4月2日
OR,506011-9630R-S,142,37800,2026年4月2日
OR,506011-9622R-S,142,37100,2026年4月2日
OR,506011-9570R-S,142,32300,2026年4月2日
OR,506011-9570R-M,133,32300,2026年4月2日
OR,506011-9560R-S,142,37800,2026年4月2日
OR,506011-9160R-S,142,37100,2026年4月2日
OR,506011-9110R-S,142,34500,2026年4月2日
OR,506011-8901R-S,142,37100,2026年4月2日
OR,506011-7980R-S,142,37100,2026年4月2日
OR,506011-7601R-S,142,37100,2026年4月2日
OR,506011-7600R-S,142,37800,2026年4月2日
OR,506011-6951R-S,142,37100,2026年4月2日
OR,506011-4860R-S,142,37800,2026年4月2日
OR,506010-1770R-T,140,135500,2026年4月2日
OR,506010-1770R-T,138,135500,2026年4月2日
OR,506010-1250R-KI,141,121000,2026年4月2日
OR,447190-914R,10,46800,2026年4月2日
OR,447190-911R,10,48500,2026年4月2日
OR,447190-909R,10,61800,2026年4月2日
OR,447190-888R,10,48500,2026年4月2日
OR,447190-860R,10,48500,2026年4月2日
OR,447190-849R,10,40100,2026年4月2日
OR,447190-802R,10,39100,2026年4月2日
OR,447190-768R,10,38500,2026年4月2日
OR,447190-752R,10,32300,2026年4月2日
OR,447190-663R,10,27470,2026年4月2日
OR,447190-662R,10,32300,2026年4月2日
OR,447190-659R,10,56400,2026年4月2日
OR,447190-614R,10,27600,2026年4月2日
OR,447190-612R,10,32300,2026年4月2日
OR,447190-590R,10,37200,2026年4月2日
OR,447190-582R,10,52200,2026年4月2日
OR,447190-581R,10,48500,2026年4月2日
OR,447190-549R,10,52200,2026年4月2日
OR,447190-546R,10,32300,2026年4月2日
OR,447190-526R,10,40900,2026年4月2日
OR,447190-521R,10,40100,2026年4月2日
OR,447190-511R,10,30600,2026年4月2日
OR,447190-489R,10,32300,2026年4月2日
OR,447190-481R,10,40900,2026年4月2日
OR,447190-358R,10,33220,2026年4月2日
OR,447190-357R,10,33220,2026年4月2日
OR,447190-347R,10,38500,2026年4月2日
OR,447190-325R,10,32300,2026年4月2日
OR,447190-324R,10,46800,2026年4月2日
OR,447190-323R,10,44670,2026年4月2日
OR,447190-275R,10,34200,2026年4月2日
OR,447190-274R,10,31800,2026年4月2日
OR,447190-258R,10,34700,2026年4月2日
OR,447190-254R,10,96400,2026年4月2日
OR,447190-221R,10,34300,2026年4月2日
OR,447190-212R,10,68000,2026年4月2日
OR,447180-954R,10,39000,2026年4月2日
OR,447180-947R,10,41800,2026年4月2日
OR,447180-913R,10,58500,2026年4月2日
OR,447180-907R,10,45400,2026年4月2日
OR,447180-903R,10,32700,2026年4月2日
OR,447180-897R,10,40900,2026年4月2日
OR,447180-887R,10,38500,2026年4月2日
OR,447180-882R,10,58500,2026年4月2日
OR,447180-880R,10,58500,2026年4月2日
OR,447180-879R,10,58500,2026年4月2日
OR,447180-871R,10,39000,2026年4月2日
OR,447180-865R,10,58500,2026年4月2日
OR,447180-834R,10,38500,2026年4月2日
OR,447180-794R,10,39100,2026年4月2日
OR,447180-787R,10,36100,2026年4月2日
OR,447180-780R,10,39100,2026年4月2日
OR,447180-745R,10,35810,2026年4月2日
OR,447180-742R,10,46800,2026年4月2日
OR,447180-683R,10,40100,2026年4月2日
OR,447180-679R,10,46800,2026年4月2日
OR,447180-678R,10,68000,2026年4月2日
OR,447180-656R,10,39000,2026年4月2日
OR,447180-650R,10,46100,2026年4月2日
OR,447180-644R,10,32300,2026年4月2日
OR,447180-643R,10,32300,2026年4月2日
OR,447180-601R,10,58500,2026年4月2日
OR,447180-514R,10,37400,2026年4月2日
OR,447180-292R,10,36700,2026年4月2日
OR,447180-291R,10,39100,2026年4月2日
OR,447180-262R,10,86900,2026年4月2日
OR,447170-999R,10,46400,2026年4月2日
OR,447170-951R,10,32500,2026年4月2日
OR,447170-945R,10,43500,2026年4月2日
OR,447170-943R,10,34500,2026年4月2日
OR,447170-936R,10,56700,2026年4月2日
OR,447170-929R,10,55000,2026年4月2日
OR,447170-841R,10,36700,2026年4月2日
OR,447170-798R,10,36700,2026年4月2日
OR,447170-774R,10,40900,2026年4月2日
OR,447170-737R,10,43500,2026年4月2日
OR,447170-711R,10,40900,2026年4月2日
OR,447170-709R,10,30600,2026年4月2日
OR,447170-684R,10,41100,2026年4月2日
OR,447170-646R,10,39100,2026年4月2日
OR,447170-645R,10,40900,2026年4月2日
OR,447170-632R,10,36700,2026年4月2日
OR,447170-609R,10,36700,2026年4月2日
OR,447170-586R,10,30600,2026年4月2日
OR,447170-572R,10,32500,2026年4月2日
OR,447170-571R,10,32700,2026年4月2日
OR,447170-527R,10,34600,2026年4月2日
OR,447170-493R,10,50600,2026年4月2日
OR,447170-402R,10,30600,2026年4月2日
OR,447160-983R,10,44000,2026年4月2日
OR,447160-951R,10,32300,2026年4月2日
OR,447160-949R,10,27300,2026年4月2日
OR,447160-895R,10,47500,2026年4月2日
OR,447160-872R,10,34200,2026年4月2日
OR,447160-815R,10,49800,2026年4月2日
OR,447160-800R-H,10,88500,2026年4月2日
OR,447160-645R,10,27300,2026年4月2日
OR,447160-488R,10,39000,2026年4月2日
OR,447160-417R,10,32300,2026年4月2日
OR,447160-416R,10,23130,2026年4月2日
OR,447160-381R,10,24900,2026年4月2日
OR,447160-338R,10,32300,2026年4月2日
OR,447160-313R,10,96400,2026年4月2日
OR,447160-310R,10,38700,2026年4月2日
OR,447160-307R,10,32928,2026年4月2日
OR,447160-287R,10,35200,2026年4月2日
OR,447160-184R,10,38500,2026年4月2日
OR,447160-180R,10,36700,2026年4月2日
OR,447160-131R,10,32500,2026年4月2日
OR,447160-096R,10,31900,2026年4月2日
OR,447160-075R,10,36700,2026年4月2日
OR,447160-054R,10,34200,2026年4月2日
OR,447160-044R,10,32300,2026年4月2日
OR,447160-043R,10,34200,2026年4月2日
OR,447160-042R,10,34200,2026年4月2日
OR,447160-041R,10,52200,2026年4月2日
OR,447160-040R,10,59500,2026年4月2日
OR,447160-028R-JK,10,39800,2026年4月2日
OR,447160-027R-JK,10,61800,2026年4月2日
OR,447150-960R,10,44670,2026年4月2日
OR,447150-766R,10,46310,2026年4月2日
OR,447150-765R,10,46180,2026年4月2日
OR,447150-763R,10,50900,2026年4月2日
OR,447150-762R,10,48630,2026年4月2日
OR,447150-678R,10,47060,2026年4月2日
OR,447150-517R,10,54200,2026年4月2日
OR,447150-484R,10,45680,2026年4月2日
OR,447150-335R,10,46800,2026年4月2日
OR,447150-333R,10,46800,2026年4月2日
OR,447150-233R,10,46800,2026年4月2日
OR,447150-108R,10,40700,2026年4月2日
OR,447150-035R,10,46800,2026年4月2日
OR,447150-031R,10,46800,2026年4月2日
OR,447140-796R,10,36530,2026年4月2日
OR,447140-795R,10,39000,2026年4月2日
OR,447140-794R,10,36530,2026年4月2日
OR,447140-645R,10,37200,2026年4月2日
OR,447140-644R,10,35060,2026年4月2日
OR,447140-629R,10,38500,2026年4月2日
OR,447140-594R,10,34200,2026年4月2日
OR,447140-532R,10,56400,2026年4月2日
OR,447140-423R,10,65500,2026年4月2日
OR,447140-317R,10,66900,2026年4月2日
OR,447140-316R,10,52530,2026年4月2日
OR,447140-253R,10,60300,2026年4月2日
OR,447140-252R,10,52530,2026年4月2日
OR,447140-220R,10,66600,2026年4月2日
OR,447140-218R,10,51560,2026年4月2日
OR,447140-071R,10,26560,2026年4月2日
OR,447140-055R,10,32300,2026年4月2日
OR,447140-054R,10,32300,2026年4月2日
OR,447140-019R,10,75800,2026年4月2日
OR,447110-194R,10,36600,2026年4月2日
OR,447100-991R,10,33100,2026年4月2日
OR,447100-764R,10,34600,2026年4月2日
OR,447100-748R,10,67100,2026年4月2日
OR,447100-687R,10,27300,2026年4月2日
OR,447100-679R,10,33100,2026年4月2日
OR,447100-630R,10,30600,2026年4月2日
OR,447100-501R,10,30600,2026年4月2日
OR,447100-352R,10,32200,2026年4月2日
OR,447100-349R,10,32700,2026年4月2日
OR,447100-150R,10,30900,2026年4月2日
OR,447100-122R,10,28100,2026年4月2日
OR,447100-008R,10,27300,2026年4月2日
OR,447100-001R,10,25600,2026年4月2日
OR,438000-507R,10,20000,2026年4月2日
OR,438000-436R,10,14300,2026年4月2日
OR,438000-310R,10,31250,2026年4月2日
OR,438000-298R,10,19800,2026年4月2日
OR,438000-247R,10,35800,2026年4月2日
OR,438000-242R,10,22200,2026年4月2日
OR,438000-231R,10,13000,2026年4月2日
OR,438000-230R,10,12600,2026年4月2日
OR,438000-206R,10,13800,2026年4月2日
OR,438000-169R,10,13600,2026年4月2日
OR,438000-168R,10,18900,2026年4月2日
OR,428000-989R,10,16500,2026年4月2日
OR,428000-988R,10,15000,2026年4月2日
OR,428000-937R,10,13600,2026年4月2日
OR,428000-807R,10,33200,2026年4月2日
OR,428000-790R,10,26500,2026年4月2日
OR,428000-741R,10,25800,2026年4月2日
OR,428000-682R,10,22870,2026年4月2日
OR,428000-647R,10,13600,2026年4月2日
OR,428000-645R,10,12500,2026年4月2日
OR,428000-635R,10,12700,2026年4月2日
OR,428000-582R,10,17900,2026年4月2日
OR,428000-581R,10,12600,2026年4月2日
OR,428000-569R,10,12200,2026年4月2日
OR,428000-565R,10,17900,2026年4月2日
OR,428000-562R,10,13600,2026年4月2日
OR,428000-560R,10,12200,2026年4月2日
OR,428000-559R,10,12200,2026年4月2日
OR,428000-541R,10,13600,2026年4月2日
OR,428000-501R,10,14000,2026年4月2日
OR,428000-496R,10,12600,2026年4月2日
OR,428000-474R,10,13600,2026年4月2日
OR,428000-414R,10,12200,2026年4月2日
OR,428000-411R,10,13600,2026年4月2日
OR,428000-405R,10,13600,2026年4月2日
OR,428000-401R,10,10900,2026年4月2日
OR,428000-399R,10,16500,2026年4月2日
OR,428000-347R,10,12200,2026年4月2日
OR,428000-345R,10,14800,2026年4月2日
OR,428000-339R,10,18200,2026年4月2日
OR,428000-334R,10,31800,2026年4月2日
OR,428000-309R,10,11466,2026年4月2日
OR,428000-303R,10,18900,2026年4月2日
OR,428000-256R,10,13600,2026年4月2日
OR,428000-255R,10,12600,2026年4月2日
OR,428000-234R,10,19300,2026年4月2日
OR,428000-233R,10,18900,2026年4月2日
OR,428000-214R,10,13600,2026年4月2日
OR,428000-184R,10,21200,2026年4月2日
OR,428000-136R,10,20900,2026年4月2日
OR,428000-126R,10,19000,2026年4月2日
OR,428000-055R,10,19000,2026年4月2日
OR,428000-037R,10,28600,2026年4月2日
OR,428000-033R,10,14800,2026年4月2日
OR,428000-029R,10,25000,2026年4月2日
OR,428000-025R,10,26500,2026年4月2日
OR,428000-004R,10,9580,2026年4月2日
OR,38810-RWK-006R-S,61,39400,2026年4月2日
OR,38810-RNA-026R-S,61,38800,2026年4月2日
OR,38810-RBJ-006R-S,61,42000,2026年4月2日
OR,38810-RBA-006R-M,60,37100,2026年4月2日
OR,38810-RB0-006R-S,61,31654,2026年4月2日
OR,38810-PYD-006R-S,61,39400,2026年4月2日
OR,38810-PCA-006R-S,61,36100,2026年4月2日
OR,38810-P2A-006R-S,61,32800,2026年4月2日
OR,38810-6W2-J01R-S,61,37100,2026年4月2日
OR,38810-5YS-J01R-S,61,45200,2026年4月2日
OR,38810-5KP-J01,60,71500,2026年4月2日
OR,38810-5KP-014,9980,63112,2026年4月2日
OR,38810-5K9-J03,60,75600,2026年4月2日
OR,38810-59B-J02,60,63900,2026年4月2日
OR,38800-RTA-017R-S,163,44300,2026年4月2日
OR,31200-5Z1-014R-S1,170,14300,2026年4月2日
OR,31200-5X6-J02R-S1,170,18600,2026年4月2日
OR,31200-5R0-J02R-S1,170,18600,2026年4月2日
OR,31200-5R0-J01R-S1,50,18600,2026年4月2日
OR,2F401MHR-S,52,160700,2026年4月2日
OR,27630-10Z18R-S,163,37100,2026年4月2日
OR,27630-10Z15R-S,163,37100,2026年4月2日
OR,27630-10Z14R-S,163,37800,2026年4月2日
OR,27060-0V280R-Y,45,42700,2026年4月2日
OR,27060-0V280R-F,8,42700,2026年4月2日
OR,23300-AX00B-Y,45,13600,2026年4月2日
OR,23300-5TA0A-Y,45,22200,2026年4月2日
OR,23300-5TA0AR-GSM,9110,22200,2026年4月2日
OR,2310A-5TA0AR-S,50,81500,2026年4月2日
OR,2310A-1VM0A-Y,9980,64300,2026年4月2日
OR,2310A-1VM0A-T,9980,64300,2026年4月2日
OR,2310A-1VM0A-M,9980,64300,2026年4月2日
OR,2310A-1VM0A-F,9980,84000,2026年4月2日
OR,2310A-1VA0A-Y,9980,67200,2026年4月2日
OR,2310A-1VA0A-I,9980,67200,2026年4月2日
OR,2310A-1VA0A-H,9980,67200,2026年4月2日
OR,2310A-1VA0A-F,9980,67200,2026年4月2日
OR,23100-7MA1AR-Y,45,40000,2026年4月2日
OR,23100-7MA1AR-F,9980,40000,2026年4月2日
OR,23100-7MA1A,45,94080,2026年4月2日
OR,23100-3RC2B-Y,45,36500,2026年4月2日
OR,23100-00Z0ER-F,9980,62900,2026年4月2日
OR,228000-990R,10,19500,2026年4月2日
OR,228000-951R,10,9290,2026年4月2日
OR,228000-925R,10,12200,2026年4月2日
OR,228000-905R,10,35900,2026年4月2日
OR,228000-895R,10,14200,2026年4月2日
OR,228000-893R,10,13600,2026年4月2日
OR,228000-892R,10,27600,2026年4月2日
OR,228000-855R,10,13600,2026年4月2日
OR,228000-854R,10,13600,2026年4月2日
OR,228000-827R,10,14200,2026年4月2日
OR,228000-806R,10,12200,2026年4月2日
OR,228000-800R,10,13600,2026年4月2日
OR,228000-783R,10,12200,2026年4月2日
OR,228000-683R,10,9720,2026年4月2日
OR,228000-660R,10,27200,2026年4月2日
OR,228000-648R,10,22900,2026年4月2日
OR,228000-621R,10,14000,2026年4月2日
OR,228000-614R,10,12200,2026年4月2日
OR,228000-598R,10,37800,2026年4月2日
OR,228000-535R,10,9860,2026年4月2日
OR,228000-514R,10,20000,2026年4月2日
OR,228000-502R,10,23750,2026年4月2日
OR,228000-384R,10,21500,2026年4月2日
OR,228000-334R,10,12200,2026年4月2日
OR,228000-308R,10,35500,2026年4月2日
OR,228000-299R,10,22100,2026年4月2日
OR,228000-290R,10,13600,2026年4月2日
OR,228000-261R,10,15800,2026年4月2日
OR,228000-258R,10,31000,2026年4月2日
OR,228000-257R,10,19800,2026年4月2日
OR,228000-212R,10,20300,2026年4月2日
OR,228000-057R,10,27500,2026年4月2日
OR,228000-055R,10,13600,2026年4月2日
OR,128000-920R,10,13600,2026年4月2日
OR,128000-672R,10,14000,2026年4月2日
OR,104211-959R,10,40900,2026年4月2日
OR,104211-897R-T,10,30400,2026年4月2日
OR,104211-809R-T,10,30950,2026年4月2日
OR,104211-712R,10,23600,2026年4月2日
OR,104211-710R-T,10,30800,2026年4月2日
OR,104211-702R,10,36500,2026年4月2日
OR,104211-454R-T,10,48200,2026年4月2日
OR,104211-448R-T,10,33100,2026年4月2日
OR,104211-435R-T,10,31400,2026年4月2日
OR,104211-434R-T,10,32000,2026年4月2日
OR,104211-430R-T,10,43900,2026年4月2日
OR,104211-395R-T,10,40400,2026年4月2日
OR,104211-390R-T,10,44100,2026年4月2日
OR,104211-382R-T,10,30400,2026年4月2日
OR,104211-380R-T,10,31060,2026年4月2日
OR,104211-371R-T,10,32000,2026年4月2日
OR,104211-368R,10,20450,2026年4月2日
OR,104211-352R-T,10,30900,2026年4月2日
OR,104211-347R-T,10,32000,2026年4月2日
OR,104211-346R-T,10,30800,2026年4月2日
OR,104211-345R-T,10,31700,2026年4月2日
OR,104211-327R,10,17200,2026年4月2日
OR,104211-322R-T,10,30800,2026年4月2日
OR,104211-320R-T,10,31700,2026年4月2日
OR,104211-307R-T,10,30800,2026年4月2日
OR,104211-270R-T,10,23800,2026年4月2日
OR,104211-264R,10,16800,2026年4月2日
OR,104211-235R,10,16800,2026年4月2日
OR,104211-231R,10,16950,2026年4月2日
OR,104211-230R,10,16800,2026年4月2日
OR,104211-225R,10,14500,2026年4月2日
OR,104211-215R,10,16800,2026年4月2日
OR,104211-210R-T,10,21500,2026年4月2日
OR,104211-209R,10,21500,2026年4月2日
OR,104211-206R-T,10,23900,2026年4月2日
OR,104210-995R-T,10,27400,2026年4月2日
OR,104210-966R-T,10,25260,2026年4月2日
OR,104210-955R,10,16800,2026年4月2日
OR,104210-953R-T,10,26700,2026年4月2日
OR,104210-943R,10,16800,2026年4月2日
OR,104210-864R,10,16800,2026年4月2日
OR,104210-857R,10,17200,2026年4月2日
OR,104210-856R,10,17300,2026年4月2日
OR,104210-852R-T,10,26500,2026年4月2日
OR,104210-849R-T,10,23900,2026年4月2日
OR,104210-843R,10,16800,2026年4月2日
OR,104210-839R,10,16800,2026年4月2日
OR,104210-836R-T,10,30400,2026年4月2日
OR,104210-825R-T,10,24900,2026年4月2日
OR,104210-822R-T,10,28600,2026年4月2日
OR,104210-820R,10,16800,2026年4月2日
OR,104210-817R,10,16800,2026年4月2日
OR,104210-815R,10,17300,2026年4月2日
OR,104210-811R,10,16800,2026年4月2日
OR,104210-809R,10,16800,2026年4月2日
OR,104210-805R,10,21500,2026年4月2日
OR,104210-802R-T,10,34700,2026年4月2日
OR,104210-598R-T,10,30800,2026年4月2日
OR,104210-552R-T,10,28800,2026年4月2日
OR,104210-545R-T,10,26754,2026年4月2日
OR,104210-544R-T,10,32900,2026年4月2日
OR,104210-537R,10,27300,2026年4月2日
OR,104210-532R-T,10,30800,2026年4月2日
OR,104210-527R-T,10,30800,2026年4月2日
OR,104210-498R-T,10,25500,2026年4月2日
OR,104210-479R-T,10,32100,2026年4月2日
OR,104210-473R,10,20300,2026年4月2日
OR,104210-460R-T,10,26800,2026年4月2日
OR,104210-450R-T,10,28600,2026年4月2日
OR,104210-444R-T,10,35800,2026年4月2日
OR,104210-425R,10,23600,2026年4月2日
OR,104210-407R-T,10,28800,2026年4月2日
OR,104210-399R,10,23900,2026年4月2日
OR,104210-394R,10,24300,2026年4月2日
OR,104210-381R,10,37800,2026年4月2日
OR,104210-380R,10,40000,2026年4月2日
OR,104210-367R,10,22800,2026年4月2日
OR,104210-361R-T,10,36200,2026年4月2日
OR,104210-340R,10,40200,2026年4月2日
OR,104210-329R,10,24300,2026年4月2日
OR,104210-279R-T,10,33000,2026年4月2日
OR,104210-213R-T,10,30800,2026年4月2日
OR,104210-209R-T,10,32100,2026年4月2日
OR,104210-187R-T,10,28000,2026年4月2日
OR,104210-186R-T,10,40700,2026年4月2日
OR,104210-181R,10,42670,2026年4月2日
OR,104210-178R-T,10,44400,2026年4月2日
OR,104210-166R-T,10,30900,2026年4月2日
OR,104210-157R-T,10,47400,2026年4月2日
OR,104210-154R,10,24300,2026年4月2日
OR,104210-144R-T,10,42000,2026年4月2日
OR,104210-142R-T,10,30600,2026年4月2日
OR,104210-132R-T,10,31700,2026年4月2日
OR,104210-122R,10,23600,2026年4月2日
OR,102211-936R,10,17300,2026年4月2日
OR,102211-926R,10,16800,2026年4月2日
OR,102211-922R,10,16200,2026年4月2日
OR,102211-914R,10,17300,2026年4月2日
OR,102211-908R,10,17300,2026年4月2日
OR,102211-907R,10,16800,2026年4月2日
OR,102211-715R,10,15890,2026年4月2日
OR,102211-714R,10,13330,2026年4月2日
OR,102211-710R,10,12900,2026年4月2日
OR,102211-703R,10,11500,2026年4月2日
OR,102211-635R,10,16800,2026年4月2日
OR,102211-631R,10,10200,2026年4月2日
OR,102211-628R,10,16800,2026年4月2日
OR,102211-627R,10,16800,2026年4月2日
OR,102211-626R,10,14340,2026年4月2日
OR,102211-624R,10,13000,2026年4月2日
OR,102211-622R,10,12900,2026年4月2日
OR,102211-607R,10,16800,2026年4月2日
OR,102211-605R,10,13400,2026年4月2日
OR,102211-603R,10,16800,2026年4月2日
OR,102211-601R,10,13600,2026年4月2日
OR,102211-596R,10,10670,2026年4月2日
OR,102211-595R,10,15000,2026年4月2日
OR,102211-594R,10,11300,2026年4月2日
OR,102211-592R,10,9860,2026年4月2日
OR,102211-577R,10,17300,2026年4月2日
OR,102211-576R,10,10500,2026年4月2日
OR,102211-558R,10,15800,2026年4月2日
OR,102211-553R,10,17300,2026年4月2日
OR,102211-541R,10,16800,2026年4月2日
OR,102211-538R,10,15300,2026年4月2日
OR,102211-533R,10,16800,2026年4月2日
OR,102211-525R,10,17300,2026年4月2日
OR,102211-521R,10,13260,2026年4月2日
OR,102211-418R,10,31300,2026年4月2日
OR,102211-415R,10,33320,2026年4月2日
OR,102211-414R,10,37500,2026年4月2日
OR,102211-409R,10,37500,2026年4月2日
OR,102211-407R,10,36000,2026年4月2日
OR,102211-406R,10,25800,2026年4月2日
OR,102211-283R,10,21600,2026年4月2日
OR,102211-264R,10,17500,2026年4月2日
OR,102211-260R,10,16800,2026年4月2日
OR,102211-250R,10,16800,2026年4月2日
OR,102211-245R,10,17300,2026年4月2日
OR,102211-233R,10,17300,2026年4月2日
OR,102211-224R,10,16800,2026年4月2日
OR,102211-205R,10,21900,2026年4月2日
OR,102211-164R,10,16800,2026年4月2日
OR,102211-106R,10,21200,2026年4月2日
OR,102211-092R-T,10,35100,2026年4月2日
OR,102211-092R,10,15500,2026年4月2日
OR,102211-071R,10,27000,2026年4月2日
OR,102211-045R,10,32900,2026年4月2日
OR,102211-044R,10,30900,2026年4月2日
OR,102211-043R,10,31500,2026年4月2日
OR,101211-966R,10,16800,2026年4月2日
OR,101211-963R,10,17300,2026年4月2日
OR,101211-943R,10,17300,2026年4月2日
OR,101211-889R,10,18000,2026年4月2日
OR,101211-867R,10,12000,2026年4月2日
OR,101211-860R,10,10800,2026年4月2日
OR,101211-710R,10,25800,2026年4月2日
OR,101211-633R,10,94300,2026年4月2日
OR,101211-609R,10,58900,2026年4月2日
OR,101211-597R,10,15600,2026年4月2日
OR,101211-455R,10,25000,2026年4月2日
OR,101211-374R,10,16200,2026年4月2日
OR,101211-354R,10,10000,2026年4月2日
OR,101211-281R,10,16000,2026年4月2日
OR,101211-280R,10,16200,2026年4月2日
OR,101211-260R,10,16200,2026年4月2日
OR,101211-086R,10,25800,2026年4月2日
OR,100213-283R,10,38200,2026年4月2日
OR,100213-245R,10,30500,2026年4月2日
OR,100211-588R,10,38400,2026年4月2日
OR,100210-382R,10,34500,2026年4月2日
OR,042400-037R,10,67500,2026年4月2日
OR,042200-155R,10,66200,2026年4月2日
OR,042200-150R,10,67300,2026年4月2日
OR,042200-136R,10,77500,2026年4月2日
OR,042200-135R,10,77500,2026年4月2日
OR,042200-132R,10,67300,2026年4月2日
OR,042200-119R,10,103300,2026年4月2日
OR,042200-093R,10,75900,2026年4月2日
OR,042200-075R,10,105000,2026年4月2日
OR,042200-046R,10,103500,2026年4月2日
OR,042000-019R,10,50900,2026年4月2日
OR,0365-602-009R,40,88900,2026年4月2日
OR,0365-602-005R,40,88900,2026年4月2日
OR,0365-502-034R,40,66000,2026年4月2日
OR,0365-502-033R,40,70600,2026年4月2日
OR,0365-502-032R,40,70600,2026年4月2日
OR,0365-502-015R,40,66000,2026年4月2日
OR,0365-502-014R,40,66000,2026年4月2日
OR,0365-502-013R,40,48420,2026年4月2日
OR,0365-502-012R,40,62900,2026年4月2日
OR,0365-502-002R,40,42500,2026年4月2日
OR,0365-502-001R,40,66000,2026年4月2日
OR,0365-402-014R,40,69000,2026年4月2日
OR,0355-502-011R,40,78600,2026年4月2日
OR,0355-502-002R,40,47800,2026年4月2日
OR,0355-502-001R,40,47800,2026年4月2日
OR,0350-602-061R,40,90500,2026年4月2日
OR,0350-602-056R,40,91300,2026年4月2日
OR,0350-502-043R,40,85200,2026年4月2日
OR,0350-502-016R,40,69000,2026年4月2日
OR,0350-502-004R,40,65800,2026年4月2日
OR,035000-875R-I,30,160000,2026年4月2日
OR,035000-875R-DK,34,160000,2026年4月2日
OR,035000-875R,30,160000,2026年4月2日
OR,035000-870R-I,30,173800,2026年4月2日
OR,035000-617R-I,30,106500,2026年4月2日
OR,035000-543R,30,56600,2026年4月2日
OR,035000-518R,30,56600,2026年4月2日
OR,035000-517R,30,51600,2026年4月2日
OR,035000-502R,30,61000,2026年4月2日
OR,035000-500R,30,61000,2026年4月2日
OR,035000-481R,30,51600,2026年4月2日
OR,035000-376R,30,50000,2026年4月2日
OR,035000-071R,30,55790,2026年4月2日
OR,0201-252-111R,40,197900,2026年4月2日
OR,0201-252-061R,40,186600,2026年4月2日
OR,0201-252-001R,40,186600,2026年4月2日
OR,0201-172-332R,40,65900,2026年4月2日
OR,0201-172-115R,40,106300,2026年4月2日
OR,0201-172-111R,40,106300,2026年4月2日
OR,0201-172-071R,40,106300,2026年4月2日
OR,0201-172-061R,40,108400,2026年4月2日
OR,0201-172-051R,40,106300,2026年4月2日
OR,0201-152-181R,40,89000,2026年4月2日
OR,0201-152-101R,40,88100,2026年4月2日
OR,0201-102-301R,40,69600,2026年4月2日
OR,73210-FL000,266,19600,2026年4月2日
OR,7812A254,266,10620,2026年4月2日
OR,559-36000,263,9370,2026年4月2日
OR,80100-T5A-003,266,22050,2026年4月2日
OR,559-43704,263,19306,2026年4月2日
OR,80100-T5C-003,266,24360,2026年4月2日
OR,559-43504,263,21462,2026年4月2日
OR,80100-TD4-013,266,21940,2026年4月2日
OR,80100-TD4-003,266,21940,2026年4月2日
OR,80100-TD4-003-M-SS,9980,21940,2026年4月2日
OR,CD080998,9980,21940,2026年4月2日
OR,80110-S3C-J02,266,22000,2026年4月2日
OR,559-43202,263,15760,2026年4月2日
OR,88450-12280,266,30470,2026年4月2日
OR,447760-1330,10,34560,2026年4月2日
OR,559-16000,263,30470,2026年4月2日
OR,88450-26120,266,30680,2026年4月2日
OR,446700-9360,10,34560,2026年4月2日
OR,559-17600,263,30680,2026年4月2日
OR,88450-52081,266,39298,2026年4月2日
OR,446700-8620,10,39298,2026年4月2日
OR,559-15101,263,39298,2026年4月2日
OR,88450-B2110,266,10010,2026年4月2日
OR,559-73603,263,10010,2026年4月2日
OR,447750-3800,10,15974,2026年4月2日
OR,559-73604,263,15974,2026年4月2日
OR,88460-12600,266,22320,2026年4月2日
OR,446100-3600,10,22320,2026年4月2日
OR,559-15200,263,22320,2026年4月2日
OR,88460-B2020,266,23540,2026年4月2日
OR,447770-8740,10,23540,2026年4月2日
OR,559-75900,263,23540,2026年4月2日
OR,447750-0560,10,20980,2026年4月2日
OR,559-74600,263,20980,2026年4月2日
OR,88460-B5040,266,20770,2026年4月2日
OR,447760-0350,10,24380,2026年4月2日
OR,559-75400,263,20770,2026年4月2日
OR,447760-0650,10,18220,2026年4月2日
OR,559-14203,263,18220,2026年4月2日
OR,447760-1820,10,21620,2026年4月2日
OR,559-85500,263,21620,2026年4月2日
OR,447760-4760,10,23030,2026年4月2日
OR,559-84600,263,23030,2026年4月2日
OR,92100-1FA0A,94,42532,2026年4月2日
OR,92100-1FA0A,90,42532,2026年4月2日
OR,92100-1FA0A,266,10980,2026年4月2日
OR,559-23503,263,10980,2026年4月2日
OR,92100-1VA0A,266,30890,2026年4月2日
OR,559-27300,263,25000,2026年4月2日
OR,92100-3XA0D,94,62622,2026年4月2日
OR,92100-3XA0C,94,62622,2026年4月2日
OR,92100-5HA0B,266,24402,2026年4月2日
OR,559-26400,263,24402,2026年4月2日
OR,92100-5WZ0A,266,24500,2026年4月2日
OR,559-24002,263,24500,2026年4月2日
OR,92100-EW80A,94,38514,2026年4月2日
OR,92100-EW80A,90,38514,2026年4月2日
OR,92100-EW80A,266,38514,2026年4月2日
OR,559-23503,263,10980,2026年4月2日
OR,92100-JX00A,266,24930,2026年4月2日
OR,559-23806,263,24930,2026年4月2日
OR,92100-MA01D,266,22800,2026年4月2日
OR,92100-MA01E,94,38808,2026年4月2日
OR,92100-MA01E,266,38808,2026年4月2日
OR,92110-1HC4A,266,19050,2026年4月2日
OR,559-23804,263,14910,2026年4月2日
OR,92110-3XA0A-M-SS,9980,19600,2026年4月2日
OR,559-25100,263,19600,2026年4月2日
OR,559-23503,263,10980,2026年4月2日
OR,92110-VW000,266,20000,2026年4月2日
OR,92110-VW000-M-SS,9980,20000,2026年4月2日
OR,559-23414,263,27400,2026年4月2日
OR,95310-50M01,266,11300,2026年4月2日
OR,559-95200,263,11300,2026年4月2日
OR,95310-52R00,266,19050,2026年4月2日
OR,559-95802,263,17300,2026年4月2日
OR,95310-58J03,266,9910,2026年4月2日
OR,559-93203,263,9910,2026年4月2日
OR,95310-64P00,266,17690,2026年4月2日
OR,559-95400,263,14490,2026年4月2日
OR,95310-68H10,266,14400,2026年4月2日
OR,559-93204,263,14400,2026年4月2日
OR,95310-74P00,266,15230,2026年4月2日
OR,559-95800,263,15230,2026年4月2日
OR,ML272229,83,54010,2026年4月2日
OR,S4YP-61-48Z,130,21600,2026年4月2日
OR,533004-0312,140,19600,2026年4月2日
OR,88460-B5030,266,15485,2026年4月2日
OR,559-73300,263,15485,2026年4月2日
OR,8-98041-884-0,266,17444,2026年4月2日
OR,447760-2030,10,17444,2026年4月2日
OR,5808-51003,263,17444,2026年4月2日
OR,88460-B5050,266,23814,2026年4月2日
OR,447780-6490,10,23814,2026年4月2日
OR,447760-6720,10,34410,2026年4月2日
OR,88450-B2120,266,10010,2026年4月2日
OR,503706-7350,140,35370,2026年4月2日
OR,503706-7350,143,35370,2026年4月2日
OR,503706-5901,140,52300,2026年4月2日
OR,92110-VW000,90,52300,2026年4月2日
OR,1A30-61-480,130,23970,2026年4月2日
OR,92100-CY000,266,38100,2026年4月2日
OR,559-24301,263,33500,2026年4月2日
OR,92100-JX00A-FJ,9080,24930,2026年4月2日
OR,73210FL000-FJ,9980,19600,2026年4月2日
OR,447760-1110,10,21730,2026年4月2日
OR,27650-6A00K-FJ,261,9370,2026年4月2日
OR,27650-6A00K,266,10620,2026年4月2日
OR,27650-6A00K,94,48971,2026年4月2日
OR,446700-3710,10,22050,2026年4月2日
OR,559-87400,263,14910,2026年4月2日
OR,104211-165R-T,10,54900,2026年4月2日
OR,38810-5KP-J01-MF,84,77200,2026年4月2日
OR,438000-071R,10,14300,2026年4月2日
OR,446700-9180,10,19950,2026年4月2日
OR,447110-106R,10,34200,2026年4月2日
OR,447710-6480,10,21470,2026年4月2日
OR,447710-9310,10,14980,2026年4月2日
OR,447710-9510,10,27130,2026年4月2日
OR,447750-3500,10,23690,2026年4月2日
OR,447750-3780,10,46460,2026年4月2日
OR,447750-4310,10,55780,2026年4月2日
OR,447750-6210,10,49740,2026年4月2日
OR,447760-0460,10,37820,2026年4月2日
OR,447760-2340,10,25750,2026年4月2日
OR,447760-4160,10,30640,2026年4月2日
OR,447760-6730,10,28810,2026年4月2日
OR,447770-1640,10,27280,2026年4月2日
OR,447780-4170,10,21630,2026年4月2日
OR,447780-5200,10,22920,2026年4月2日
OR,447780-7350,10,18110,2026年4月2日
OR,559-03000,263,20180,2026年4月2日
OR,559-15402,263,15870,2026年4月2日
OR,559-15601,263,16070,2026年4月2日
OR,559-15700,263,16200,2026年4月2日
OR,559-23805,263,19010,2026年4月2日
OR,559-33402,263,16560,2026年4月2日
OR,559-43003,263,10890,2026年4月2日
OR,559-43503,263,25180,2026年4月2日
OR,559-43703,263,12430,2026年4月2日
OR,559-43800,263,15580,2026年4月2日
OR,559-43801,263,15970,2026年4月2日
OR,559-46000,263,19400,2026年4月2日
OR,559-64900,263,14010,2026年4月2日
OR,559-75700,263,14990,2026年4月2日
OR,559-92600,263,9900,2026年4月2日
OR,559-95401,263,16950,2026年4月2日
OR,559-96000,263,16070,2026年4月2日
OR,73210SJ000,266,19050,2026年4月2日
OR,7812A009,266,20820,2026年4月2日
OR,80100-SZW-901,266,58350,2026年4月2日
OR,80100-TDK-J01,266,39730,2026年4月2日
OR,80100-TDK-J03,266,47680,2026年4月2日
OR,80100-TXA-900,266,34400,2026年4月2日
OR,92100-6XZ5A,266,23410,2026年4月2日
OR,92600-6XK4A-SH,9980,108100,2026年4月2日
OR,95200-64P00R,70,20630,2026年4月2日
OR,95201-64P00R-S,163,20630,2026年4月2日
OR,CR74P70-SR,72,32300,2026年4月2日
OR,C003TA1991RL,50,79200,2026年4月2日
OR,C003TA2191RL,50,79200,2026年4月2日
OR,447140-895R,10,56400,2026年4月2日
OR,506012-0230R-S,142,37100,2026年4月2日
OR,92600-1VA0AR-Y,45,36200,2026年4月2日
OR,95200-50M10R-S,71,25900,2026年4月2日
OR,95200-81P00,70,42105,2026年4月2日
OR,95200-83S01,70,42105,2026年4月2日
OR,SS07LK10R-S,71,25900,2026年4月2日
OR,T432100BR-DK,143,46859,2026年4月2日
OR,M000TD0971R,50,14300,2026年4月2日
OR,559-13201,263,25400,2026年4月2日
OR,559-43802,263,15582,2026年4月2日
OR,73210-SG001,110,27200,2026年4月2日
OR,95311-81A12,70,23422,2026年4月2日
OR,95200-52R02,70,50000,2026年4月2日
OR,CR64P20-SR,72,32300,2026年4月2日
OR,95200-83S12,70,50000,2026年4月2日
OR,559-25401,263,24930,2026年4月2日
OR,T47761AA,140,21330,2026年4月2日
OR,95310-81P00,70,28224,2026年4月2日
OR,MK583316,46,33418,2026年4月2日
NCS,Z0021341AR-S,142,30700,2025年4月1日
NCS,Z0021341AR-F,149,30700,2025年4月1日
NCS,Z0020942R-V,139,28700,2025年4月1日
NCS,Z0020942R-S,142,28700,2025年4月1日
NCS,Z0011445A,9980,50000,2025年4月1日
NCS,Z0004399AR-S,142,29200,2025年4月1日
NCS,TR3800R-S1,151,36200,2025年4月1日
NCS,TR3800R-M-SS,155,36200,2025年4月1日
NCS,TR3800R,150,36200,2025年4月1日
NCS,TR3800R,152,36200,2025年4月1日
NCS,TR3470R-S,151,30600,2025年4月1日
NCS,TR3470R-O,156,30600,2025年4月1日
NCS,TL07A0AB5SXR-S,550,25000,2025年4月1日
NCS,T97697AR-V,139,33400,2025年4月1日
NCS,T97697AR-S,142,33400,2025年4月1日
NCS,T97697AR-M-SS,133,33400,2025年4月1日
NCS,T97697AR-DK,143,33400,2025年4月1日
NCS,T964038AR-S,142,32000,2025年4月1日
NCS,D09W-61-450R-E,144,32000,2025年4月1日
NCS,T59469AAR-V,139,29800,2025年4月1日
NCS,T59469AAR-S,142,34800,2025年4月1日
NCS,T59469AAR-O,129,34800,2025年4月1日
NCS,T21380BCR-T,140,27800,2025年4月1日
NCS,T21380BCR-M-SS,133,27800,2025年4月1日
NCS,T21380BCR-DK,143,27800,2025年4月1日
NCS,ST3902R-S,151,36200,2025年4月1日
NCS,ST3902R-F,154,36200,2025年4月1日
NCS,SS63DLH2R-S,71,18100,2025年4月1日
NCS,88310-B2180R,191,18100,2025年4月1日
NCS,SS07LT8R-S,71,16700,2025年4月1日
NCS,SS07LT8R,70,16700,2025年4月1日
NCS,SS07LT8-SR,72,16700,2025年4月1日
NCS,SS06LT16R-S,71,16700,2025年4月1日
NCS,SS06LT16R,70,16700,2025年4月1日
NCS,SS06LT16R-SR,72,16700,2025年4月1日
NCS,SS06LT15-SR,72,18800,2025年4月1日
NCS,SS06LT15R-S,71,18800,2025年4月1日
NCS,SS06LT15R,70,18800,2025年4月1日
NCS,SS06LT15A-SR,72,18800,2025年4月1日
NCS,SM760-04R-S,170,17400,2025年4月1日
NCS,S25-521R-IF2,20,34300,2025年4月1日
NCS,S25-521R-IF,20,34300,2025年4月1日
NCS,S25-521R,20,24900,2025年4月1日
NCS,S25-512AR-IF,20,34300,2025年4月1日
NCS,S25-512AR,20,32800,2025年4月1日
NCS,S25-505CR,20,31300,2025年4月1日
NCS,S25-501AR,20,29400,2025年4月1日
NCS,S25-163GR,20,25800,2025年4月1日
NCS,S14-408AR,20,34400,2025年4月1日
NCS,S14-206AR,20,29500,2025年4月1日
NCS,S13-763R,20,34000,2025年4月1日
NCS,S13-553AR,20,29600,2025年4月1日
NCS,S114-959BR,20,13400,2025年4月1日
NCS,S114-901DR,20,17000,2025年4月1日
NCS,MK667725R-F,9980,41000,2025年4月1日
NCS,MK667723R-F,9980,41000,2025年4月1日
NCS,MK667722R-F2,9980,41000,2025年4月1日
NCS,M008T85771R-SW,50,28700,2025年4月1日
NCS,M008T85671R,50,22800,2025年4月1日
NCS,M008T85271BR-SW,50,30000,2025年4月1日
NCS,M008T85271BR,50,23000,2025年4月1日
NCS,M008T63871R,50,29700,2025年4月1日
NCS,M008T60972R,50,36500,2025年4月1日
NCS,M008T60971R,50,30500,2025年4月1日
NCS,M002TS0672R,50,20300,2025年4月1日
NCS,M002T48681R,50,7500,2025年4月1日
NCS,M002T47781R,50,9650,2025年4月1日
NCS,M002T47383R,50,7640,2025年4月1日
NCS,M002T46381R,50,7340,2025年4月1日
NCS,M002T42482R,50,7340,2025年4月1日
NCS,M001T31072R,50,22200,2025年4月1日
NCS,M000TC5171R,50,13400,2025年4月1日
NCS,M000TC5071R,50,13400,2025年4月1日
NCS,M000T80081R,50,10800,2025年4月1日
NCS,M000T45771ZTR,50,11100,2025年4月1日
NCS,M000T45671ZTR,50,12400,2025年4月1日
NCS,M000T40371ZTR,50,15400,2025年4月1日
NCS,M000T38371R,50,11800,2025年4月1日
NCS,M000T36671R,50,12260,2025年4月1日
NCS,M000T36371R,50,15900,2025年4月1日
NCS,M000T36071R,50,10700,2025年4月1日
NCS,LR280-707BR-O-IF,20,83300,2025年4月1日
NCS,LR280-707BR-O,20,70700,2025年4月1日
NCS,LR280-707BR-IF,20,83300,2025年4月1日
NCS,LR270-701BR,20,70200,2025年4月1日
NCS,LR260-512R-VP-O,20,45400,2025年4月1日
NCS,LR250-707CR-F,28,35800,2025年4月1日
NCS,LR250-707CR,20,35800,2025年4月1日
NCS,LR250-517R-VP-F,28,35500,2025年4月1日
NCS,LR250-507CR-VP,20,43700,2025年4月1日
NCS,LR190-771R,20,31800,2025年4月1日
NCS,LR190-765R,20,21200,2025年4月1日
NCS,LR180-761R,20,26700,2025年4月1日
NCS,LR180-511BR-VP,20,42000,2025年4月1日
NCS,LR170-749FR,20,19800,2025年4月1日
NCS,LR160-447CR-VP-O2,20,31300,2025年4月1日
NCS,LR1140-805R,20,23200,2025年4月1日
NCS,LR1140-802R,20,23200,2025年4月1日
NCS,LR1130-702ER,20,35400,2025年4月1日
NCS,KD45-61-450AR-S,131,34800,2025年4月1日
NCS,HN388-5YS-R,160,38900,2025年4月1日
NCS,GHT6-61-450AR-S,131,38900,2025年4月1日
NCS,CR74P10-SR,72,27800,2025年4月1日
NCS,CR74P00-SR,72,23700,2025年4月1日
NCS,CR64P00-SR,72,24400,2025年4月1日
NCS,CR63R00-SR,72,27800,2025年4月1日
NCS,CR59S30-SR,72,27800,2025年4月1日
NCS,CR58J70-SR,72,25700,2025年4月1日
NCS,CR58J60-SR,72,23000,2025年4月1日
NCS,CR06BM30-SR,72,24400,2025年4月1日
NCS,CR06BM00-SR,72,24400,2025年4月1日
NCS,CR06BJ40-SR,72,21600,2025年4月1日
NCS,C273-61-450AR-S,131,27800,2025年4月1日
NCS,AY-0124655091,45,41000,2025年4月1日
NCS,AY-0124555063,45,41000,2025年4月1日
NCS,AKS200A211AR-S,52,31300,2025年4月1日
NCS,AKS200A205AR-S,52,32000,2025年4月1日
NCS,AKS200A205AR-O,50,32000,2025年4月1日
NCS,AKC200A258R-S,52,31300,2025年4月1日
NCS,AKC200A251R-S,52,31300,2025年4月1日
NCS,AKC200A022R-S,52,21600,2025年4月1日
NCS,AKC200A021R-S,52,21600,2025年4月1日
NCS,A007TG0591R,50,19300,2025年4月1日
NCS,A007TG0391R,50,14300,2025年4月1日
NCS,A007TG0291R,50,17000,2025年4月1日
NCS,A005TZ0091R,50,18800,2025年4月1日
NCS,A005TZ0091AR,50,19300,2025年4月1日
NCS,A005TZ0081AR,50,27200,2025年4月1日
NCS,A005TL0181R,50,21400,2025年4月1日
NCS,A005TG2591R,50,21200,2025年4月1日
NCS,A005TA7981R,50,24800,2025年4月1日
NCS,A004TU6781R,50,43500,2025年4月1日
NCS,A004TU3088R,50,34700,2025年4月1日
NCS,A004TR8791ZTR-IF,50,75700,2025年4月1日
NCS,A004TR8191ZTR-IF,50,82400,2025年4月1日
NCS,A004TR7291ZTR-IF,50,71400,2025年4月1日
NCS,A004TR7291ZTR,50,41200,2025年4月1日
NCS,A003TR5991ZTR,50,33800,2025年4月1日
NCS,A003TR5691ZTR,50,37200,2025年4月1日
NCS,A003TN6493R,50,26400,2025年4月1日
NCS,A003TN5188R,50,25400,2025年4月1日
NCS,A003TG5381R,50,19000,2025年4月1日
NCS,A002TX6181R,50,28200,2025年4月1日
NCS,A002TX4781ZTR,50,25800,2025年4月1日
NCS,A002TX2881DR,50,30500,2025年4月1日
NCS,A002TX2781AR,50,33800,2025年4月1日
NCS,A002TX2291R,50,20700,2025年4月1日
NCS,A002TX1991ZTR,50,19400,2025年4月1日
NCS,A002TX1981ZTR,50,20000,2025年4月1日
NCS,A002TX0881AR,50,27500,2025年4月1日
NCS,A002TJ0591R,50,19400,2025年4月1日
NCS,A002TJ0581R,50,20700,2025年4月1日
NCS,A002TJ0291R,50,23200,2025年4月1日
NCS,A002TG1791R,50,14700,2025年4月1日
NCS,A002TG1781R,50,23000,2025年4月1日
NCS,A002TG1391R,50,14700,2025年4月1日
NCS,A002TC0591R,50,14700,2025年4月1日
NCS,A001TG1691R,50,20900,2025年4月1日
NCS,A001TG1191R,50,16300,2025年4月1日
NCS,A001TG0391AR,50,20400,2025年4月1日
NCS,A001TG0091R,50,17500,2025年4月1日
NCS,A001TA4491R,50,14300,2025年4月1日
NCS,A001TA4391AR,50,20400,2025年4月1日
NCS,A001TA4091R,50,20400,2025年4月1日
NCS,A001TA3091R,50,18300,2025年4月1日
NCS,976421-1435,10,39400,2025年4月1日
NCS,974380-0436,10,15400,2025年4月1日
NCS,974380-0380,10,15400,2025年4月1日
NCS,974380-0303,10,15400,2025年4月1日
NCS,974380-0228,10,22000,2025年4月1日
NCS,974380-0071,10,22000,2025年4月1日
NCS,974280-0730,10,16000,2025年4月1日
NCS,972280-0413,10,17200,2025年4月1日
NCS,95200-74P10R-S,71,23700,2025年4月1日
NCS,95200-74P00R-S,71,23700,2025年4月1日
NCS,95200-63R00R-S,71,25000,2025年4月1日
NCS,95200-62R10R-S,163,32000,2025年4月1日
NCS,95200-58J40R,70,17400,2025年4月1日
NCS,92600-WL000R-S,163,34800,2025年4月1日
NCS,CR926-WL80A,160,34800,2025年4月1日
NCS,92600-CJ75DR-W,160,28700,2025年4月1日
NCS,92600-CJ73AR-W,164,29900,2025年4月1日
NCS,92600-CJ73AR-S,163,29900,2025年4月1日
NCS,92600-CJ70AR-S,163,33400,2025年4月1日
NCS,92600-5WK0B-SH,9980,111200,2025年4月1日
NCS,92600-5WK0BR-O,9980,111200,2025年4月1日
NCS,92600-5WK0B,90,111200,2025年4月1日
NCS,92600-5TA0BR-S2,150,37500,2025年4月1日
NCS,92600-5TA0BR-M-SS,168,37500,2025年4月1日
NCS,92600-4CE1AR-S,163,43100,2025年4月1日
NCS,92600-3XC0AR-V,139,33000,2025年4月1日
NCS,92600-3XC0AR-S,142,33000,2025年4月1日
NCS,92600-3XC0AR-M,142,33000,2025年4月1日
NCS,92600-3XA0AR-V,139,27300,2025年4月1日
NCS,92600-3XA0AR-S,142,27300,2025年4月1日
NCS,92600-3XA0AR,144,27300,2025年4月1日
NCS,92600-3XA0AR-M,168,27300,2025年4月1日
NCS,92600-3TA5DR-S,163,39700,2025年4月1日
NCS,92600-3TA5DR-F,167,39700,2025年4月1日
NCS,92600-3TA5DR-S-G,163,39700,2025年4月1日
NCS,92600-1VA0BR-S,163,29200,2025年4月1日
NCS,92600-1VA0AR-Y,45,31200,2025年4月1日
NCS,92600-1VA0AR-V,139,31200,2025年4月1日
NCS,92600-1KC7AR-W,160,29900,2025年4月1日
NCS,92600-1KC6DR-W,160,27800,2025年4月1日
NCS,92600-1KC2DR-W,160,27800,2025年4月1日
NCS,92600-1KA7DR-W,160,29900,2025年4月1日
NCS,92600-1KA1AR-S,163,30600,2025年4月1日
NCS,92600-1JA1AR-S,142,27800,2025年4月1日
NCS,92600-1GZ0AR-V,139,38000,2025年4月1日
NCS,92600-1GZ0AR-M,133,38000,2025年4月1日
NCS,88310-B2090R-S,190,22300,2025年4月1日
NCS,7813A478R-O,160,26400,2025年4月1日
NCS,7813A478R-S,163,26400,2025年4月1日
NCS,7813A477R-S,163,30600,2025年4月1日
NCS,7813A477R-DK,166,30600,2025年4月1日
NCS,7813A454R-S,163,30600,2025年4月1日
NCS,73111KG010R-S,163,27800,2025年4月1日
NCS,73111KE015R-S,163,22300,2025年4月1日
NCS,73111FL020R-S,142,33400,2025年4月1日
NCS,73111-FJ040R-S,142,33400,2025年4月1日
NCS,506041-0210R-T,140,30600,2025年4月1日
NCS,506041-0210R-S,142,30600,2025年4月1日
NCS,506041-0210R-Y,45,30600,2025年4月1日
NCS,506041-0120R-S,142,36200,2025年4月1日
NCS,506041-0120R-DK,143,36200,2025年4月1日
NCS,506021-7362R-S,142,32000,2025年4月1日
NCS,506021-7360R-O,129,32000,2025年4月1日
NCS,506021-7360R-H1,140,32000,2025年4月1日
NCS,506021-7360R-M,133,32000,2025年4月1日
NCS,506021-7340R-S,142,32000,2025年4月1日
NCS,506021-7340R-O,142,32000,2025年4月1日
NCS,506021-7120R-S,142,34800,2025年4月1日
NCS,506021-7120R-O,129,34800,2025年4月1日
NCS,506021-6830R-S,142,32000,2025年4月1日
NCS,506021-2550R-S,142,29200,2025年4月1日
NCS,506012-3060R-V,139,31000,2025年4月1日
NCS,506012-3060R-S,142,31000,2025年4月1日
NCS,506012-3060R-Y,45,31000,2025年4月1日
NCS,506012-3050R-S,142,31000,2025年4月1日
NCS,506012-3050R,144,31000,2025年4月1日
NCS,506012-3050R-M,133,31000,2025年4月1日
NCS,506012-3040R-S,142,31000,2025年4月1日
NCS,506012-3040R,144,31000,2025年4月1日
NCS,506012-3040R-Y,45,31000,2025年4月1日
NCS,506012-2280R-V,139,25800,2025年4月1日
NCS,506012-2280R-SS,143,25800,2025年4月1日
NCS,506012-2280R-H1,140,25800,2025年4月1日
NCS,506012-2280R-B,143,25800,2025年4月1日
NCS,506012-2280R,144,25800,2025年4月1日
NCS,506012-1180R-S,142,27800,2025年4月1日
NCS,506012-1180R-H1,140,27800,2025年4月1日
NCS,506012-1140R-S,142,27800,2025年4月1日
NCS,506012-1140R-H1,140,27800,2025年4月1日
NCS,506012-0890R-V,139,30000,2025年4月1日
NCS,506012-0890R-H1,140,30000,2025年4月1日
NCS,506012-0890R,144,30000,2025年4月1日
NCS,506012-2310R-SS,143,30000,2025年4月1日
NCS,506012-0720R-S,142,27800,2025年4月1日
NCS,506012-0161R-DK,143,25700,2025年4月1日
NCS,506012-0030R-S,142,32000,2025年4月1日
NCS,506011-9700R-S,142,32000,2025年4月1日
NCS,506011-9650R-S,142,32000,2025年4月1日
NCS,506011-9570R-S,142,27800,2025年4月1日
NCS,506011-9570R-M,133,27800,2025年4月1日
NCS,506011-9570R-V,139,27800,2025年4月1日
NCS,506011-7601R-S,142,32000,2025年4月1日
NCS,506011-7601R-M,133,32000,2025年4月1日
NCS,506011-7520R-S,142,29200,2025年4月1日
NCS,447190-911R,10,41800,2025年4月1日
NCS,447190-909R,10,72500,2025年4月1日
NCS,447190-888R,10,52100,2025年4月1日
NCS,447190-860R,10,41800,2025年4月1日
NCS,447190-752R,10,29400,2025年4月1日
NCS,447190-663R,10,29000,2025年4月1日
NCS,447190-614R,10,23900,2025年4月1日
NCS,447190-481R,10,40000,2025年4月1日
NCS,447190-357R,10,39800,2025年4月1日
NCS,447190-347R,10,38600,2025年4月1日
NCS,447190-323R,10,46600,2025年4月1日
NCS,447190-258R,10,29800,2025年4月1日
NCS,447190-254R,10,89600,2025年4月1日
NCS,447190-221R,10,29600,2025年4月1日
NCS,447190-212R,10,58600,2025年4月1日
NCS,447180-947R,10,35400,2025年4月1日
NCS,447180-897R,10,43000,2025年4月1日
NCS,447180-887R,10,38600,2025年4月1日
NCS,447180-880R,10,50400,2025年4月1日
NCS,447180-834R,10,37900,2025年4月1日
NCS,447180-800R,10,33200,2025年4月1日
NCS,447180-794R,10,37200,2025年4月1日
NCS,447180-745R,10,35300,2025年4月1日
NCS,447180-643R,10,29600,2025年4月1日
NCS,447170-999R,10,40000,2025年4月1日
NCS,447170-951R,10,33300,2025年4月1日
NCS,447160-983R,10,38000,2025年4月1日
NCS,447160-951R,10,29400,2025年4月1日
NCS,447160-895R,10,40900,2025年4月1日
NCS,447160-872R,10,29400,2025年4月1日
NCS,447160-815R,10,45000,2025年4月1日
NCS,447160-417R,10,29400,2025年4月1日
NCS,447160-416R,10,29600,2025年4月1日
NCS,447160-313R,10,87500,2025年4月1日
NCS,447160-310R,10,39400,2025年4月1日
NCS,447160-184R,10,40900,2025年4月1日
NCS,447160-131R,10,33300,2025年4月1日
NCS,447160-096R,10,31600,2025年4月1日
NCS,447160-054R,10,29400,2025年4月1日
NCS,447160-043R,10,29400,2025年4月1日
NCS,447160-042R,10,29400,2025年4月1日
NCS,447160-028R-JK,10,53200,2025年4月1日
NCS,447160-027R-JK,10,54600,2025年4月1日
NCS,447150-960R,10,35300,2025年4月1日
NCS,447150-766R,10,40800,2025年4月1日
NCS,447150-765R,10,38900,2025年4月1日
NCS,447150-762R,10,55200,2025年4月1日
NCS,447150-678R,10,52300,2025年4月1日
NCS,447150-517R,10,52200,2025年4月1日
NCS,447150-484R,10,50800,2025年4月1日
NCS,447150-390R,10,52100,2025年4月1日
NCS,447150-335R,10,45400,2025年4月1日
NCS,447150-333R,10,45400,2025年4月1日
NCS,447150-233R,10,45300,2025年4月1日
NCS,447150-031R,10,41800,2025年4月1日
NCS,447140-936R,10,57300,2025年4月1日
NCS,447140-894R,10,57600,2025年4月1日
NCS,447140-796R,10,34800,2025年4月1日
NCS,447140-794R,10,38300,2025年4月1日
NCS,447140-644R,10,38300,2025年4月1日
NCS,447140-629R,10,35400,2025年4月1日
NCS,447140-532R,10,48600,2025年4月1日
NCS,447140-218R,10,57300,2025年4月1日
NCS,447140-071R,10,25300,2025年4月1日
NCS,447110-194R,10,35800,2025年4月1日
NCS,447110-106R,10,29400,2025年4月1日
NCS,447100-612R,10,25900,2025年4月1日
NCS,438000-310R,10,33400,2025年4月1日
NCS,438000-298R,10,19400,2025年4月1日
NCS,438000-247R,10,30000,2025年4月1日
NCS,438000-231R,10,12200,2025年4月1日
NCS,438000-230R,10,12000,2025年4月1日
NCS,438000-206R,10,12800,2025年4月1日
NCS,438000-169R,10,14400,2025年4月1日
NCS,438000-168R,10,17600,2025年4月1日
NCS,428000-937R,10,12700,2025年4月1日
NCS,428000-790R,10,24400,2025年4月1日
NCS,428000-682R,10,24700,2025年4月1日
NCS,428000-645R,10,12000,2025年4月1日
NCS,428000-582R,10,16700,2025年4月1日
NCS,428000-581R,10,11800,2025年4月1日
NCS,428000-559R,10,11400,2025年4月1日
NCS,428000-345R,10,12900,2025年4月1日
NCS,428000-303R,10,17600,2025年4月1日
NCS,428000-235R,10,11400,2025年4月1日
NCS,428000-234R,10,17600,2025年4月1日
NCS,428000-126R,10,19200,2025年4月1日
NCS,428000-033R,10,14400,2025年4月1日
NCS,428000-029R,10,26700,2025年4月1日
NCS,428000-025R,10,25300,2025年4月1日
NCS,38810-RBJ-006R-S,61,36200,2025年4月1日
NCS,38810-RB0-006R-S,61,33400,2025年4月1日
NCS,38810-PWA-J12R-S,61,32000,2025年4月1日
NCS,38810-5YS-J01R-S,61,32000,2025年4月1日
NCS,38810-5KP-J01-MF,84,85900,2025年4月1日
NCS,38810-5JE-J01R-S,61,41700,2025年4月1日
NCS,31200-5Z1-014R-S1,170,16700,2025年4月1日
NCS,31200-5X6-J02R-S1,170,17400,2025年4月1日
NCS,31200-5R0-J01R-S1,50,24600,2025年4月1日
NCS,27060-0V280R-F,8,36300,2025年4月1日
NCS,27060-0V280R-S,10,36300,2025年4月1日
NCS,27060-0V280R-Y,45,36300,2025年4月1日
NCS,23300-AX00B-Y,45,16000,2025年4月1日
NCS,2310A-5TA0AR-S,50,71300,2025年4月1日
NCS,2310A-1VM0A-Y,9980,83000,2025年4月1日
NCS,2310A-1VM0A-Y2,9980,83000,2025年4月1日
NCS,2310A-1VA0A-Y,9980,70000,2025年4月1日
NCS,2310A-1VA0A-F,9980,70000,2025年4月1日
NCS,2310A-1VA0A-F2,9980,70000,2025年4月1日
NCS,23100-7MA1AR-F,9980,44900,2025年4月1日
NCS,23100-7MA1AR-Y,45,44900,2025年4月1日
NCS,228000-990R,10,18200,2025年4月1日
NCS,228000-951R,10,8500,2025年4月1日
NCS,228000-895R,10,14500,2025年4月1日
NCS,228000-892R,10,24200,2025年4月1日
NCS,228000-855R,10,12500,2025年4月1日
NCS,228000-854R,10,12700,2025年4月1日
NCS,228000-800R,10,12700,2025年4月1日
NCS,228000-683R,10,9800,2025年4月1日
NCS,228000-621R,10,14700,2025年4月1日
NCS,228000-614R,10,10700,2025年4月1日
NCS,228000-514R,10,22000,2025年4月1日
NCS,228000-502R,10,23800,2025年4月1日
NCS,228000-299R,10,20400,2025年4月1日
NCS,228000-126R,10,11400,2025年4月1日
NCS,128000-672R,10,14900,2025年4月1日
NCS,104211-959R,10,36900,2025年4月1日
NCS,104211-897R-T,10,30700,2025年4月1日
NCS,104211-471R-T,10,38200,2025年4月1日
NCS,104211-435R-T,10,27500,2025年4月1日
NCS,104211-382R-T,10,26600,2025年4月1日
NCS,104211-380R-T,10,26300,2025年4月1日
NCS,104211-368R,10,14200,2025年4月1日
NCS,104211-352R-T,10,29500,2025年4月1日
NCS,104211-346R-T,10,27000,2025年4月1日
NCS,104211-327R,10,16300,2025年4月1日
NCS,104211-307R-T,10,27000,2025年4月1日
NCS,104211-264R,10,14000,2025年4月1日
NCS,104211-231R,10,14700,2025年4月1日
NCS,104211-225R,10,14000,2025年4月1日
NCS,104211-215R,10,14500,2025年4月1日
NCS,104211-210R-T,10,18800,2025年4月1日
NCS,104211-209R,10,18800,2025年4月1日
NCS,104210-966R-T,10,21000,2025年4月1日
NCS,104210-955R,10,15000,2025年4月1日
NCS,104210-953R-T,10,22000,2025年4月1日
NCS,104210-943R,10,14700,2025年4月1日
NCS,104210-864R,10,14700,2025年4月1日
NCS,104210-843R,10,14900,2025年4月1日
NCS,104210-839R,10,15200,2025年4月1日
NCS,104210-836R-T,10,26600,2025年4月1日
NCS,104210-820R,10,17300,2025年4月1日
NCS,104210-815R,10,14700,2025年4月1日
NCS,104210-811R,10,14700,2025年4月1日
NCS,104210-809R,10,14700,2025年4月1日
NCS,104210-552R-T,10,25200,2025年4月1日
NCS,104210-544R-T,10,31000,2025年4月1日
NCS,104210-527R-T,10,26900,2025年4月1日
NCS,104210-498R-T,10,24800,2025年4月1日
NCS,104210-460R-T,10,23700,2025年4月1日
NCS,104210-380R,10,35000,2025年4月1日
NCS,104210-367R,10,19900,2025年4月1日
NCS,104210-187R-T,10,28900,2025年4月1日
NCS,104210-186R-T,10,35700,2025年4月1日
NCS,104210-181R,10,32900,2025年4月1日
NCS,104210-178R-T,10,41300,2025年4月1日
NCS,104210-166R-T,10,29200,2025年4月1日
NCS,104210-157R-T,10,43200,2025年4月1日
NCS,104210-154R,10,21200,2025年4月1日
NCS,104210-142R-T,10,27100,2025年4月1日
NCS,102211-715R,10,12500,2025年4月1日
NCS,102211-714R,10,14700,2025年4月1日
NCS,102211-710R,10,11300,2025年4月1日
NCS,102211-628R,10,14700,2025年4月1日
NCS,102211-627R,10,15800,2025年4月1日
NCS,102211-626R,10,11300,2025年4月1日
NCS,102211-624R,10,11400,2025年4月1日
NCS,102211-622R,10,11300,2025年4月1日
NCS,102211-607R,10,14700,2025年4月1日
NCS,102211-596R,10,10900,2025年4月1日
NCS,102211-595R,10,13200,2025年4月1日
NCS,102211-594R,10,9880,2025年4月1日
NCS,102211-576R,10,8880,2025年4月1日
NCS,102211-533R,10,14700,2025年4月1日
NCS,102211-521R,10,13800,2025年4月1日
NCS,102211-415R,10,29800,2025年4月1日
NCS,102211-414R,10,30000,2025年4月1日
NCS,102211-409R,10,32800,2025年4月1日
NCS,102211-407R,10,31500,2025年4月1日
NCS,102211-233R,10,15300,2025年4月1日
NCS,102211-072R,10,20700,2025年4月1日
NCS,102211-043R,10,27500,2025年4月1日
NCS,101211-867R,10,10900,2025年4月1日
NCS,101211-860R,10,9380,2025年4月1日
NCS,101211-374R,10,9200,2025年4月1日
NCS,101211-281R,10,15500,2025年4月1日
NCS,100213-283R,10,33400,2025年4月1日
NCS,100213-245R,10,25900,2025年4月1日
NCS,100211-625R,10,28800,2025年4月1日
NCS,042400-037R,10,69354,2025年4月1日
NCS,042200-150R,10,47840,2025年4月1日
NCS,042200-135R,10,66700,2025年4月1日
NCS,042200-075R,10,105000,2025年4月1日
NCS,0365-502-034R,40,61600,2025年4月1日
NCS,0365-502-033R,40,66600,2025年4月1日
NCS,0365-502-015R,40,67800,2025年4月1日
NCS,0365-502-014R,40,61600,2025年4月1日
NCS,0365-502-013R,40,56700,2025年4月1日
NCS,0365-502-012R,40,58700,2025年4月1日
NCS,0365-502-002R,40,49600,2025年4月1日
NCS,0365-502-001R,40,61600,2025年4月1日
NCS,0365-402-014R,40,64400,2025年4月1日
NCS,035000-517R,30,59100,2025年4月1日
NCS,035000-517R-I,30,59100,2025年4月1日
NCS,035000-071R,30,69500,2025年4月1日
NCS,035000-071R-I,30,69500,2025年4月1日
NCS,0201-252-061R,40,163300,2025年4月1日
NCS,0201-172-332R,40,52500,2025年4月1日
NCS,0201-172-061R,40,93000,2025年4月1日
NCS,102211-418R,10,27400,2025年7月7日
NCS,104211-235R,10,13800,2025年7月7日
NCS,104211-275R,10,14700,2025年7月7日
NCS,104211-430R-T,10,31300,2025年7月7日
NCS,104211-702R,10,34400,2025年7月7日
NCS,428000-562R,10,12700,2025年7月7日
NCS,438000-436R,10,13400,2025年7月7日
NCS,447110-165R,10,33300,2025年7月7日
NCS,447160-075R,10,37900,2025年7月7日
NCS,447180-560R,10,33100,2025年7月7日
NCS,92600-ET02AR-V,139,36700,2025年7月7日
NCS,A001TG2091R,50,23900,2025年7月7日
NCS,AY-F000BL07U7,45,41000,2025年7月7日
NCS,CR74P70-SR,72,27800,2025年7月7日
NCS,HN388-6W2-R,160,34800,2025年7月7日
NCS,S13-759R,20,48200,2025年7月7日
NCS,SD7171R-F,154,36900,2025年7月7日
NCS,T432100BR-DK,143,50000,2025年7月7日
NCS,TR3405R-S,151,33400,2025年7月7日
MAL,042200-020R,10,111300,2025年6月1日
MAL,042200-039R,10,83800,2025年6月1日
MAL,042200-046R,10,83800,2025年6月1日
MAL,042200-075R,10,91700,2025年6月1日
MAL,042200-132R,10,66900,2025年6月1日
MAL,042200-135R,10,66900,2025年6月1日
MAL,042200-136R,10,66900,2025年6月1日
MAL,042200-150R,10,60000,2025年6月1日
MAL,042400-037R,10,59900,2025年6月1日
MAL,38800-RTA-017R-S,163,36100,2025年6月1日
MAL,38810-5KP-J01-MF,84,81200,2025年6月1日
MAL,38810-5YS-J01R-S,61,32500,2025年6月1日
MAL,38810-6W2-J01R-S,61,34700,2025年6月1日
MAL,38810-RB0-006R-S,61,34700,2025年6月1日
MAL,38810-RBJ-006R-S,61,39400,2025年6月1日
MAL,447100-001R,10,31900,2025年6月1日
MAL,447100-122R,10,31900,2025年6月1日
MAL,447100-150R,10,31900,2025年6月1日
MAL,447100-175R,10,34700,2025年6月1日
MAL,447100-679R,10,34000,2025年6月1日
MAL,447100-780R,10,31400,2025年6月1日
MAL,447110-194R,10,39000,2025年6月1日
MAL,447140-055R,10,32000,2025年6月1日
MAL,447140-071R,10,31900,2025年6月1日
MAL,447140-072R,10,31900,2025年6月1日
MAL,447140-218R,10,55000,2025年6月1日
MAL,447140-219R,10,55000,2025年6月1日
MAL,447140-423R,10,52600,2025年6月1日
MAL,447140-532R,10,46600,2025年6月1日
MAL,447140-629R,10,38200,2025年6月1日
MAL,447140-644R,10,36800,2025年6月1日
MAL,447140-794R,10,39000,2025年6月1日
MAL,447140-796R,10,34900,2025年6月1日
MAL,447150-108R,10,43900,2025年6月1日
MAL,447150-233R,10,43900,2025年6月1日
MAL,447150-335R,10,43900,2025年6月1日
MAL,447150-484R,10,48800,2025年6月1日
MAL,447150-517R,10,50100,2025年6月1日
MAL,447150-678R,10,50200,2025年6月1日
MAL,447150-762R,10,53000,2025年6月1日
MAL,447150-763R,10,43900,2025年6月1日
MAL,447150-765R,10,49300,2025年6月1日
MAL,447150-766R,10,49400,2025年6月1日
MAL,447150-960R,10,47200,2025年6月1日
MAL,447160-027R-JK,10,47300,2025年6月1日
MAL,447160-028R-JK,10,47300,2025年6月1日
MAL,447160-040R,10,56000,2025年6月1日
MAL,447160-042R,10,31900,2025年6月1日
MAL,447160-043R,10,31900,2025年6月1日
MAL,447160-044R,10,31900,2025年6月1日
MAL,447160-054R,10,31900,2025年6月1日
MAL,447160-075R,10,36400,2025年6月1日
MAL,447160-096R,10,31900,2025年6月1日
MAL,447160-131R,10,34900,2025年6月1日
MAL,447160-184R,10,36900,2025年6月1日
MAL,447160-307R,10,37100,2025年6月1日
MAL,447160-310R,10,36000,2025年6月1日
MAL,447160-313R,10,96400,2025年6月1日
MAL,447160-338R,10,31900,2025年6月1日
MAL,447160-416R,10,31900,2025年6月1日
MAL,447160-488R,10,34700,2025年6月1日
MAL,447160-645R,10,31900,2025年6月1日
MAL,447160-800R-H,10,92800,2025年6月1日
MAL,447160-815R,10,45800,2025年6月1日
MAL,447160-895R,10,34900,2025年6月1日
MAL,447160-950R,10,32000,2025年6月1日
MAL,447160-951R,10,31700,2025年6月1日
MAL,447160-983R,10,39300,2025年6月1日
MAL,447170-228R,10,37200,2025年6月1日
MAL,447170-402R,10,31900,2025年6月1日
MAL,447170-571R,10,31400,2025年6月1日
MAL,447170-586R,10,31400,2025年6月1日
MAL,447170-608R,10,38200,2025年6月1日
MAL,447170-609R,10,36200,2025年6月1日
MAL,447170-645R,10,37500,2025年6月1日
MAL,447170-798R,10,34900,2025年6月1日
MAL,447170-929R,10,44700,2025年6月1日
MAL,447170-951R,10,34900,2025年6月1日
MAL,447170-951R,10,,2025年6月1日
MAL,447180-262R,10,106500,2025年6月1日
MAL,447180-291R,10,38200,2025年6月1日
MAL,447180-378R,10,31400,2025年6月1日
MAL,447180-514R,10,37100,2025年6月1日
MAL,447180-558R,10,48400,2025年6月1日
MAL,447180-644R,10,31900,2025年6月1日
MAL,447180-678R,10,56200,2025年6月1日
MAL,447180-683R,10,37100,2025年6月1日
MAL,447180-745R,10,37200,2025年6月1日
MAL,447180-780R,10,37200,2025年6月1日
MAL,447180-787R,10,34900,2025年6月1日
MAL,447180-794R,10,37100,2025年6月1日
MAL,447180-834R,10,36400,2025年6月1日
MAL,447180-880R,10,48400,2025年6月1日
MAL,447180-882R,10,48400,2025年6月1日
MAL,447180-887R,10,37200,2025年6月1日
MAL,447180-897R,10,41300,2025年6月1日
MAL,447180-907R,10,37200,2025年6月1日
MAL,447180-947R,10,38000,2025年6月1日
MAL,447190-212R,10,56200,2025年6月1日
MAL,447190-221R,10,31900,2025年6月1日
MAL,447190-254R,10,96200,2025年6月1日
MAL,447190-258R,10,28700,2025年6月1日
MAL,447190-274R,10,31900,2025年6月1日
MAL,447190-318R,10,43900,2025年6月1日
MAL,447190-323R,10,47200,2025年6月1日
MAL,447190-325R,10,31900,2025年6月1日
MAL,447190-347R,10,38200,2025年6月1日
MAL,447190-357R,10,38200,2025年6月1日
MAL,447190-358R,10,37300,2025年6月1日
MAL,447190-430R,10,34900,2025年6月1日
MAL,447190-455R,10,43900,2025年6月1日
MAL,447190-481R,10,37200,2025年6月1日
MAL,447190-517R,10,43900,2025年6月1日
MAL,447190-526R,10,37200,2025年6月1日
MAL,447190-563R,10,43900,2025年6月1日
MAL,447190-581R,10,50000,2025年6月1日
MAL,447190-612R,10,31900,2025年6月1日
MAL,447190-614R,10,28700,2025年6月1日
MAL,447190-663R,10,28700,2025年6月1日
MAL,447190-752R,10,31900,2025年6月1日
MAL,447190-849R,10,37100,2025年6月1日
MAL,447190-860R,10,43900,2025年6月1日
MAL,447190-888R,10,50000,2025年6月1日
MAL,447190-909R,10,69600,2025年6月1日
MAL,447190-911R,10,43900,2025年6月1日
MAL,447190-914R,10,43900,2025年6月1日
MAL,506010-1250R-KI,141,103800,2025年6月1日
MAL,506010-1770R-T,83,105800,2025年6月1日
MAL,506010-1770R-T,144,105800,2025年6月1日
MAL,506011-6951R-M,133,34500,2025年6月1日
MAL,506011-6951R-S,142,34500,2025年6月1日
MAL,506011-7601R-M,133,32800,2025年6月1日
MAL,506011-7810R-S,142,32700,2025年6月1日
MAL,506011-7980R-S,142,30500,2025年6月1日
MAL,506011-9160R-S,142,31200,2025年6月1日
MAL,506011-9520R-S,142,26900,2025年6月1日
MAL,506011-9570R-S,142,29500,2025年6月1日
MAL,506011-9700R-S,142,32700,2025年6月1日
MAL,506012-0030R-S,142,32700,2025年6月1日
MAL,506012-0161R-DK,143,29500,2025年6月1日
MAL,506012-0230R-S,142,29100,2025年6月1日
MAL,506012-0350R-S,142,32700,2025年6月1日
MAL,506012-0890R,144,34100,2025年6月1日
MAL,506012-0890R-V,139,34100,2025年6月1日
MAL,506012-0920R-S,142,30200,2025年6月1日
MAL,506012-1140R-H1,140,31700,2025年6月1日
MAL,506012-1140R-S,142,31700,2025年6月1日
MAL,506012-1180R-S,142,24700,2025年6月1日
MAL,506012-2280R,144,26900,2025年6月1日
MAL,506012-2280R-F,167,26900,2025年6月1日
MAL,506012-2280R-F,145,26900,2025年6月1日
MAL,506012-2280R-H1,140,26900,2025年6月1日
MAL,506012-2280R-SS,143,26900,2025年6月1日
MAL,506012-2280R-V,139,26900,2025年6月1日
MAL,506012-2310R-SS,143,26900,2025年6月1日
MAL,506012-3040R,144,29100,2025年6月1日
MAL,506012-3040R-S,142,29100,2025年6月1日
MAL,506012-3050R,144,29800,2025年6月1日
MAL,506012-3050R-M,133,29800,2025年6月1日
MAL,506012-3050R-S,142,29800,2025年6月1日
MAL,506012-3060R-S,142,42000,2025年6月1日
MAL,506012-3060R-V,139,42000,2025年6月1日
MAL,506012-3130R-S,142,31100,2025年6月1日
MAL,506021-2550R-S,142,30500,2025年6月1日
MAL,506021-6830R-S,142,30500,2025年6月1日
MAL,506021-7120R-O,129,28000,2025年6月1日
MAL,506021-7120R-S,142,28000,2025年6月1日
MAL,506021-7340R-O,142,30500,2025年6月1日
MAL,506021-7340R-S,142,30500,2025年6月1日
MAL,506021-7360R-H1,140,27300,2025年6月1日
MAL,506021-7360R-O,129,27300,2025年6月1日
MAL,506021-7362R-S,142,27500,2025年6月1日
MAL,506021-7560R-S,142,32700,2025年6月1日
MAL,506041-0152R-S,142,32800,2025年6月1日
MAL,506041-0210R-S,142,28000,2025年6月1日
MAL,506041-0210R-T,140,28000,2025年6月1日
MAL,506041-0210R-Y,45,28000,2025年6月1日
MAL,73111-FJ040R-S,142,34900,2025年6月1日
MAL,73111-FJ040R-V,139,34900,2025年6月1日
MAL,73111KG010R-S,163,26100,2025年6月1日
MAL,7813A454R-S,163,31400,2025年6月1日
MAL,7813A477R-DK,166,33800,2025年6月1日
MAL,7813A477R-DK,163,33800,2025年6月1日
MAL,7813A477R-S,163,33800,2025年6月1日
MAL,7813A478R-O,160,31600,2025年6月1日
MAL,7813A478R-S,163,31600,2025年6月1日
MAL,88310-B2090R-S,190,20200,2025年6月1日
MAL,92600-1GZ0AR-V,139,36700,2025年6月1日
MAL,92600-1JA1AR-S,142,31700,2025年6月1日
MAL,92600-1JB0AR-V,139,34300,2025年6月1日
MAL,92600-1KA1AR-S,163,29200,2025年6月1日
MAL,92600-1KA7DR-W,160,31500,2025年6月1日
MAL,92600-1KC2DR-W,160,32700,2025年6月1日
MAL,92600-1KC6DR-W,160,32300,2025年6月1日
MAL,92600-1KC7AR-W,160,32700,2025年6月1日
MAL,92600-1MB0AR-S,163,40500,2025年6月1日
MAL,92600-1MB1ER-W,160,38000,2025年6月1日
MAL,92600-1VA0AR-V,139,34600,2025年6月1日
MAL,92600-1VA0BR-S,163,32400,2025年6月1日
MAL,92600-3TA5DR-F,167,47700,2025年6月1日
MAL,92600-3TA5DR-S,163,47700,2025年6月1日
MAL,92600-3TA5DR-S-G,163,47700,2025年6月1日
MAL,92600-3VB2AR-W,160,33200,2025年6月1日
MAL,92600-3XA0AR,144,39400,2025年6月1日
MAL,92600-3XA0AR-S,142,39400,2025年6月1日
MAL,92600-3XA0AR-V,139,39400,2025年6月1日
MAL,92600-3XC0AR-S,142,39400,2025年6月1日
MAL,92600-3XC0AR-V,139,39400,2025年6月1日
MAL,92600-5TA0BR-M-SS,168,36700,2025年6月1日
MAL,92600-5TA0BR-S2,150,36700,2025年6月1日
MAL,92600-5TP0CR-O,9980,105000,2025年6月1日
MAL,92600-5TP0C-SH,9980,105000,2025年6月1日
MAL,92600-5WK0B-SH,9980,95000,2025年6月1日
MAL,92600-CJ63AR-S,163,28000,2025年6月1日
MAL,92600-CJ70AR-S,163,30200,2025年6月1日
MAL,92600-CJ73AR-S,163,32600,2025年6月1日
MAL,92600-CJ73AR-W,164,32600,2025年6月1日
MAL,92600-CJ75DR-W,160,33300,2025年6月1日
MAL,92600-HA00AR-M,168,35000,2025年6月1日
MAL,95200-50M10R-S,71,23600,2025年6月1日
MAL,95200-58J40R,70,20800,2025年6月1日
MAL,95200-58J70R-S,71,27000,2025年6月1日
MAL,95200-74P00R-S,71,24700,2025年6月1日
MAL,95200-74P10R-S,71,24700,2025年6月1日
MAL,95201-51KB0R-S,142,32700,2025年6月1日
MAL,95201-64P00R-S,163,23600,2025年6月1日
MAL,AKC200A021R-S,52,24400,2025年6月1日
MAL,AKC200A022R-S,52,24100,2025年6月1日
MAL,AKC200A024AR-S,52,24100,2025年6月1日
MAL,AKC200A080CR-S,52,26600,2025年6月1日
MAL,AKC200A085R-S,52,31700,2025年6月1日
MAL,AKC200A151BR-S,52,32100,2025年6月1日
MAL,AKC200A152R-S,52,32100,2025年6月1日
MAL,AKC200A164R-S,52,32100,2025年6月1日
MAL,AKC200A221R-M-SS,66,35400,2025年6月1日
MAL,AKC200A251R-S,52,32100,2025年6月1日
MAL,AKC200A252BR-S,52,31200,2025年6月1日
MAL,AKC200A253CR-S,52,32100,2025年6月1日
MAL,AKC200A258R-S,52,30900,2025年6月1日
MAL,AKC200A273AR-M-SS,66,29500,2025年6月1日
MAL,AKC200A277R-M-SS,66,29500,2025年6月1日
MAL,AKS200A205AR-O,50,31700,2025年6月1日
MAL,AKS200A205AR-S,52,31700,2025年6月1日
MAL,AKS200A208AR-S,52,33100,2025年6月1日
MAL,AKS200A211AR-S,52,32200,2025年6月1日
MAL,AKS200A402BR-S,52,34900,2025年6月1日
MAL,C273-61-450AR-S,9080,31400,2025年6月1日
MAL,CR06BJ40-SR,72,23400,2025年6月1日
MAL,CR06BM00-SR,72,26700,2025年6月1日
MAL,CR06BM30-SR,72,26700,2025年6月1日
MAL,CR58J50-SR,72,23700,2025年6月1日
MAL,CR58J60-SR,72,23400,2025年6月1日
MAL,CR58J70-SR,72,28400,2025年6月1日
MAL,CR59S30-SR,72,34400,2025年6月1日
MAL,CR63R00-SR,72,30600,2025年6月1日
MAL,CR64P00-SR,72,25100,2025年6月1日
MAL,CR74P00-SR,72,28400,2025年6月1日
MAL,CR74P10-SR,72,27400,2025年6月1日
MAL,CR74P70-SR,72,33400,2025年6月1日
MAL,CR926-6N21A,160,35300,2025年6月1日
MAL,CR926-7MB0A,160,37300,2025年6月1日
MAL,CR926-7NB0A,160,35800,2025年6月1日
MAL,D11R-61-450R-S,163,26900,2025年6月1日
MAL,DRZ8-61-450R-S,163,26900,2025年6月1日
MAL,H12A1AF4DWR-S,550,31600,2025年6月1日
MAL,H12A1AG4DYR-S,550,24700,2025年6月1日
MAL,HN388-5YS-R,160,34500,2025年6月1日
MAL,HN388-6W2-R,160,36900,2025年6月1日
MAL,HN388-6W2-R,72,36900,2025年6月1日
MAL,SD4116R,154,50000,2025年6月1日
MAL,SD4116R-KD,153,50000,2025年6月1日
MAL,SD4116R-Y,158,50000,2025年6月1日
MAL,SD6057R-F,154,42800,2025年6月1日
MAL,SD7171R-F,154,45500,2025年6月1日
MAL,SD7171R-F,153,45500,2025年6月1日
MAL,SD7171R-S,151,45500,2025年6月1日
MAL,SS04LT9R-S,71,22100,2025年6月1日
MAL,SS06LT15A-SR,72,20800,2025年6月1日
MAL,SS06LT15R,70,20800,2025年6月1日
MAL,SS06LT15R-S,71,20800,2025年6月1日
MAL,SS06LT15-SR,72,20800,2025年6月1日
MAL,SS06LT16R-S,71,20800,2025年6月1日
MAL,SS07LT8R,70,16400,2025年6月1日
MAL,SS63DLH2R-S,71,19100,2025年6月1日
MAL,ST3902R-F,154,30200,2025年6月1日
MAL,ST3902R-S,151,30200,2025年6月1日
MAL,T21380BCR-DK,143,33000,2025年6月1日
MAL,T21380BCR-M-SS,133,33000,2025年6月1日
MAL,T21380BCR-T,140,33000,2025年6月1日
MAL,T59469AAR-S,142,35900,2025年6月1日
MAL,T59469AAR-V,139,35900,2025年6月1日
MAL,T964038AR-S,142,32700,2025年6月1日
MAL,T97697AR-M-SS,133,33900,2025年6月1日
MAL,T97697AR-S,142,33900,2025年6月1日
MAL,T97697AR-V,139,33900,2025年6月1日
MAL,TL07A0AB5SXR-S,550,26800,2025年6月1日
MAL,TR3370R-S,151,29500,2025年6月1日
MAL,TR3409R-S,151,33600,2025年6月1日
MAL,TR3470R-S,151,31600,2025年6月1日
MAL,TR3800R,152,36900,2025年6月1日
MAL,TR3800R-M-SS,155,36900,2025年6月1日
MAL,TR3800R-S1,151,36900,2025年6月1日
MAL,V08A1AA4AGR-S,550,26900,2025年6月1日
MAL,V08A1AC4ADR-S,550,29400,2025年6月1日
MAL,V09A1AA4AKR-S,550,31600,2025年6月1日
MAL,Z0004399AR-S,142,26900,2025年6月1日
MAL,Z0014247AR-S,142,34900,2025年6月1日
MAL,Z0015551AR-M-SS,133,34700,2025年6月1日
MAL,Z0015551AR-S,142,34700,2025年6月1日
MAL,Z0020942R-S,142,35900,2025年6月1日
MAL,Z0020942R-V,139,35900,2025年6月1日
MAL,Z0021341AR-S,142,32700,2025年6月1日
MAL,27630-10Z14R-S,163,32700,2025年6月1日
MAL,447190-802R,10,37100,2025年6月1日
MAL,73111FL020R-S,142,33400,2025年6月1日
MAL,95200-64P00R,70,23600,2025年6月1日
MAL,042200-119R,10,88900,2025年6月1日
MAL,447160-506R,10,35300,2025年6月1日
MAL,TR3405R-S,151,33800,2025年6月1日
MAL,Z0012152AR-S,142,29500,2025年6月1日
MAL,73111-FJ040R-KD,143,34900,2025年6月1日
MAL,042200-155R,10,60000,2025年7月7日
MAL,447110-207R,10,35500,2025年7月7日
MAL,447140-317R,10,49600,2025年7月7日
MAL,447150-035R,10,43900,2025年7月7日
MAL,92600-1KC7A,90,96900,2025年7月7日
MAL,92600-3TA4B,90,101700,2025年7月7日
MAL,92600-6XK4A-SH,9980,107000,2025年7月7日
MAL,92600-7NB0AR-S,163,32500,2025年7月7日
MAL,95200-83S02,70,45000,2025年7月7日
MAL,CR64P20-SR,72,33400,2025年7月7日
MAL,DB5H-61-450R-S,9980,36700,2025年7月7日
MAL,SS07LT8-SR,72,17500,2025年7月7日
西出,506012-2280R-V,139,30000,2025年8月25日
西出,506012-2280R-SS,143,30000,2025年8月25日
西出,506012-2280R-H1,140,30000,2025年8月25日
西出,506012-2280R-B,143,30000,2025年8月25日
西出,506012-2280R,144,30000,2025年8月25日
西出,Z0020942R-V,139,28200,2025年8月25日
西出,Z0008243AR-S,142,26000,2025年8月25日
西出,Z0004399AR-S,142,27000,2025年8月25日
西出,V08A1AC4ADR-S,550,28000,2025年8月25日
西出,V08A1AA4AGR-S,550,28000,2025年8月25日
西出,TR3800R-S1,151,32000,2025年8月25日
西出,TR3800R,152,32000,2025年8月25日
西出,TR3800R-M-SS,155,32000,2025年8月25日
西出,TR3470R-S,151,28000,2025年8月25日
西出,TL07A0AB5SXR-S,550,24000,2025年8月25日
西出,T97697AR-V,139,31500,2025年8月25日
西出,T97697AR-S,142,31500,2025年8月25日
西出,T97697AR-M-SS,133,31500,2025年8月25日
西出,T59469AAR-V,139,31000,2025年8月25日
西出,T59469AAR-S,142,31000,2025年8月25日
西出,T59469AAR-O,129,31000,2025年8月25日
西出,T21380BCR-T,140,26000,2025年8月25日
西出,T21380BCR-M-SS,133,26000,2025年8月25日
西出,T21380BCR-DK,143,31000,2025年8月25日
西出,ST3902R-S,151,29000,2025年8月25日
西出,ST3902R-F,154,29000,2025年8月25日
西出,SS63DLH2R-S,71,19000,2025年8月25日
西出,SS07LK10R-S,71,22000,2025年8月25日
西出,SS06LT16R-S,71,18000,2025年8月25日
西出,SS06LT15-SR,72,19500,2025年8月25日
西出,SS06LT15R-S,71,19500,2025年8月25日
西出,SS06LT15R,70,19500,2025年8月25日
西出,SS06LT15A-SR,72,19500,2025年8月25日
西出,SS04LT9R-S,71,21000,2025年8月25日
西出,SM760-04R-S,170,23200,2025年8月25日
西出,SM760-03R-S,170,19000,2025年8月25日
西出,SD7171R-F,153,32500,2025年8月25日
西出,S25-512AR,20,29500,2025年8月25日
西出,S25-511R,20,28700,2025年8月25日
西出,S25-505CR,20,31300,2025年8月25日
西出,S25-501AR,20,26700,2025年8月25日
西出,S25-163GR,20,25800,2025年8月25日
西出,S14-205R,20,20200,2025年8月25日
西出,S13-763R,20,39800,2025年8月25日
西出,S13-759R,20,31900,2025年8月25日
西出,S13-559BR,20,36500,2025年8月25日
西出,S114-902AR,20,15900,2025年8月25日
西出,S114-901DR,20,15900,2025年8月25日
西出,MK667723R-F,9980,41000,2025年8月25日
西出,MK667723R,9110,41000,2025年8月25日
西出,MK667723R-2,72,41000,2025年8月25日
西出,MK667722R-F2,9980,41000,2025年8月25日
西出,MK667722R-2,9110,41000,2025年8月25日
西出,MK667722R,9110,41000,2025年8月25日
西出,M008T85771R-SW,50,28700,2025年8月25日
西出,M008T85771R,50,22400,2025年8月25日
西出,M008T85671R,50,20300,2025年8月25日
西出,M008T85271BR-SW,50,29200,2025年8月25日
西出,M008T85271BR,50,23000,2025年8月25日
西出,M008T75971R,50,25500,2025年8月25日
西出,M008T63871R,50,29700,2025年8月25日
西出,M008T62271R,50,35100,2025年8月25日
西出,M008T60972R,50,27400,2025年8月25日
西出,M003T24482KR,50,6880,2025年8月25日
西出,M002TS0672R,50,19700,2025年8月25日
西出,M002T87471R,50,19500,2025年8月25日
西出,M002T48681R,50,6880,2025年8月25日
西出,M002T47781R,50,8680,2025年8月25日
西出,M002T47383R,50,7630,2025年8月25日
西出,M002T46481R,50,6880,2025年8月25日
西出,M002T42482R,50,6880,2025年8月25日
西出,M001T31072R,50,23300,2025年8月25日
西出,M000TD1172R,50,10000,2025年8月25日
西出,M000TC5171R,50,11300,2025年8月25日
西出,M000TC5071R,50,12500,2025年8月25日
西出,M000T89281RL,50,14100,2025年8月25日
西出,M000T80081R,50,10200,2025年8月25日
西出,M000T60081AR,50,10700,2025年8月25日
西出,M000T45771ZTR,50,11000,2025年8月25日
西出,M000T45671ZTR,50,11000,2025年8月25日
西出,M000T40571ZTR,50,10400,2025年8月25日
西出,M000T40371ZTR,50,11700,2025年8月25日
西出,M000T38371R,50,11000,2025年8月25日
西出,M000T36671R,50,18400,2025年8月25日
西出,M000T36371R,50,18000,2025年8月25日
西出,M000T32171R,50,10000,2025年8月25日
西出,LR945-904R,20,49600,2025年8月25日
西出,LR280-707BR-O,20,57100,2025年8月25日
西出,LR250-707CR,20,44900,2025年8月25日
西出,LR250-517R-VP-I,20,41500,2025年8月25日
西出,LR250-517R-VP,20,41500,2025年8月25日
西出,LR250-508BR-VP,20,35500,2025年8月25日
西出,LR225-415BR-VP,20,24400,2025年8月25日
西出,LR190-771R,20,33000,2025年8月25日
西出,LR180-761R,20,20950,2025年8月25日
西出,LR180-511BR-VP,20,35000,2025年8月25日
西出,LR160-447CR-VP-O2,20,26500,2025年8月25日
西出,LR1140-802R,20,42000,2025年8月25日
西出,LR1140-801R,20,20500,2025年8月25日
西出,LR1130-702ER,20,42800,2025年8月25日
西出,LR1110-713R,20,27000,2025年8月25日
西出,KD45-61-450AR-S,131,31000,2025年8月25日
西出,HN388-6W2-R,160,31000,2025年8月25日
西出,HN388-5YS-R,160,31000,2025年8月25日
西出,H09A1AD4AUR-S,550,28000,2025年8月25日
西出,D11R-61-450R-S,163,29000,2025年8月25日
西出,CR926-7MA0A,160,33500,2025年8月25日
西出,CR74P10-SR,72,26000,2025年8月25日
西出,CR74P00-SR,72,26000,2025年8月25日
西出,CR64P00-SR,72,23500,2025年8月25日
西出,CR63R00-SR,72,26000,2025年8月25日
西出,CR59S30-SR,72,26000,2025年8月25日
西出,CR58J70-SR,72,26000,2025年8月25日
西出,CR58J60-SR,72,22500,2025年8月25日
西出,CR06BM30-SR,72,23500,2025年8月25日
西出,CR06BM00-SR,72,28000,2025年8月25日
西出,CR06BJ40-SR,72,21500,2025年8月25日
西出,C003TA1991RL,50,63000,2025年8月25日
西出,C003TA1391RL,50,63000,2025年8月25日
西出,C003TA0491RL,50,79200,2025年8月25日
西出,AY-F000BL07U7,45,41000,2025年8月25日
西出,AY-0124655091,45,41000,2025年8月25日
西出,AY-0124555063,45,41000,2025年8月25日
西出,AKS200A402BR-S,52,31000,2025年8月25日
西出,AKS200A211AR-S,52,29000,2025年8月25日
西出,AKS200A205AR-S,52,28500,2025年8月25日
西出,AKC200A258R-S,52,28500,2025年8月25日
西出,AKC200A251R-S,52,28500,2025年8月25日
西出,AKC200A024AR-S,52,23500,2025年8月25日
西出,AKC200A022R-S,52,21500,2025年8月25日
西出,AKC200A021R-S,52,21500,2025年8月25日
西出,A007TG0591R,50,20250,2025年8月25日
西出,A007TG0491R,50,20250,2025年8月25日
西出,A007TG0391R,50,20250,2025年8月25日
西出,A007TG0092R,50,20250,2025年8月25日
西出,A005TZ0091AR,50,20500,2025年8月25日
西出,A005TL0181R,50,25700,2025年8月25日
西出,A005TJ0591R,50,20500,2025年8月25日
西出,A005TG3991R,50,20950,2025年8月25日
西出,A005TG2591R,50,20950,2025年8月25日
西出,A004TR8791ZTR,50,47200,2025年8月25日
西出,A004TR8191ZTR,50,45000,2025年8月25日
西出,A004TR7291ZTR,50,56200,2025年8月25日
西出,A003TR5991ZTR,50,38200,2025年8月25日
西出,A003TR5691ZTR,50,33700,2025年8月25日
西出,A003TR5493ZTR,50,43600,2025年8月25日
西出,A003TR0188ZTR,50,27200,2025年8月25日
西出,A003TN6493R,50,25800,2025年8月25日
西出,A003TJ2781AR,50,20500,2025年8月25日
西出,A003TG5381R,50,24200,2025年8月25日
西出,A003TB1299R,50,30800,2025年8月25日
西出,A002TX7991R,50,30000,2025年8月25日
西出,A002TX6181R,50,30300,2025年8月25日
西出,A002TX5881R,50,32900,2025年8月25日
西出,A002TX4781ZTR,50,24700,2025年8月25日
西出,A002TX2881DR,50,30500,2025年8月25日
西出,A002TX2781AR,50,34700,2025年8月25日
西出,A002TX1991ZTR,50,20500,2025年8月25日
西出,A002TN3781R-VP,50,26100,2025年8月25日
西出,A002TJ0591R,50,20500,2025年8月25日
西出,A002TJ0581R,50,20500,2025年8月25日
西出,A002TJ0291R,50,27100,2025年8月25日
西出,A002TG1791R,50,15700,2025年8月25日
西出,A002TG1781R,50,24500,2025年8月25日
西出,A002TC0591R,50,15700,2025年8月25日
西出,A002TA6099AR,50,23700,2025年8月25日
西出,A001TG2091R,50,20250,2025年8月25日
西出,A001TG1691R,50,20250,2025年8月25日
西出,A001TG1191R,50,22500,2025年8月25日
西出,A001TG0091R,50,15700,2025年8月25日
西出,A001TA4491R,50,15000,2025年8月25日
西出,A001TA4091R,50,20250,2025年8月25日
西出,A001TA3991R,50,20250,2025年8月25日
西出,A001TA1891R,50,19200,2025年8月25日
西出,974380-0536,10,15000,2025年8月25日
西出,974380-0436,10,15000,2025年8月25日
西出,974380-0401,10,19500,2025年8月25日
西出,974380-0380,10,15000,2025年8月25日
西出,974380-0303,10,15000,2025年8月25日
西出,974380-0228,10,21500,2025年8月25日
西出,974380-0071,10,21500,2025年8月25日
西出,95201-64P00R-S,163,21000,2025年8月25日
西出,95201-51KB0R-S,142,29000,2025年8月25日
西出,95200-74P10R-S,71,23000,2025年8月25日
西出,95200-74P00R-S,71,23000,2025年8月25日
西出,95200-63R00R-S,71,24000,2025年8月25日
西出,95200-58J40R,70,18500,2025年8月25日
西出,92600-ET02AR-V,139,29500,2025年8月25日
西出,92600-CJ73AR-W,164,27500,2025年8月25日
西出,92600-CJ60AR-S,163,30000,2025年8月25日
西出,92600-5WK0B-SH,9980,90100,2025年8月25日
西出,92600-5WK0BR-O,9980,90100,2025年8月25日
西出,92600-5TA0BR-S2,150,33000,2025年8月25日
西出,92600-5TA0BR-M-SS,168,33000,2025年8月25日
西出,92600-3XC0AR-V,139,33000,2025年8月25日
西出,92600-3XC0AR-S,142,33000,2025年8月25日
西出,92600-3XC0AR-M,142,33000,2025年8月25日
西出,92600-3XA0AR-V,139,33000,2025年8月25日
西出,92600-3XA0AR-S,142,33000,2025年8月25日
西出,92600-3XA0AR-M,168,33000,2025年8月25日
西出,92600-3XA0AR,144,33000,2025年8月25日
西出,92600-3TA5DR-S,163,34000,2025年8月25日
西出,92600-3RS5AR-S,142,28000,2025年8月25日
西出,92600-1VA0BR-S,163,27000,2025年8月25日
西出,92600-1VA0AR-V,139,28400,2025年8月25日
西出,92600-1KC7AR-W,160,29500,2025年8月25日
西出,92600-1KC6DR-W,160,27500,2025年8月25日
西出,92600-1KC2DR-W,160,26000,2025年8月25日
西出,92600-1KA7DR-W,160,27500,2025年8月25日
西出,92600-1KA2DR-S,163,29000,2025年8月25日
西出,92600-1JB0AR-V,139,29300,2025年8月25日
西出,92600-1JA1AR-S,142,26000,2025年8月25日
西出,92600-1GZ0AR-V,139,34100,2025年8月25日
西出,88310-B2090R-S,190,22000,2025年8月25日
西出,7813A477R-S,163,28000,2025年8月25日
西出,7813A454R-S,163,28000,2025年8月25日
西出,73111KE015R-S,163,22000,2025年8月25日
西出,73111FL020R-S,142,30000,2025年8月25日
西出,73111-FJ040R-V,139,30000,2025年8月25日
西出,73111-FJ040R-S,142,30000,2025年8月25日
西出,73111-FJ040R-M-SS,133,30000,2025年8月25日
西出,73111-FJ040R-KD,143,30000,2025年8月25日
西出,506041-0210R-S,142,28000,2025年8月25日
西出,506021-7560R-S,142,29000,2025年8月25日
西出,506021-7362R-S,142,28800,2025年8月25日
西出,506021-7360R-O,129,28800,2025年8月25日
西出,506021-7360R-M,133,28800,2025年8月25日
西出,506021-7360R-H1,140,28800,2025年8月25日
西出,506021-7120R-S,142,29000,2025年8月25日
西出,506021-6820R-S,142,29000,2025年8月25日
西出,506012-3060R-V,139,31000,2025年8月25日
西出,506012-3060R-S,142,31000,2025年8月25日
西出,506012-3060R-Y,45,31000,2025年8月25日
西出,506012-3060R-F,167,31000,2025年8月25日
西出,506012-3060R-DK,143,31000,2025年8月25日
西出,506012-3060R,144,31000,2025年8月25日
西出,506012-3050R-M,133,31000,2025年8月25日
西出,506012-3050R,144,31000,2025年8月25日
西出,506012-3050R-F,149,31000,2025年8月25日
西出,506012-3050R-S,142,31000,2025年8月25日
西出,506012-3050R-V,139,31000,2025年8月25日
西出,506012-3040R-S,142,31000,2025年8月25日
西出,506012-3040R-Y,45,31000,2025年8月25日
西出,506012-3040R,144,31000,2025年8月25日
西出,506012-2310R-SS,143,30000,2025年8月25日
西出,506012-1180R-S,142,26000,2025年8月25日
西出,506012-1180R-H1,140,26000,2025年8月25日
西出,506012-1140R-S,142,26000,2025年8月25日
西出,506012-1140R-H1,140,26000,2025年8月25日
西出,506012-1140R-V,139,26000,2025年8月25日
西出,506012-0890R,144,30000,2025年8月25日
西出,506012-0890R-V,139,30000,2025年8月25日
西出,506012-0890R-H1,140,30000,2025年8月25日
西出,506012-0350R-S,142,29500,2025年8月25日
西出,506012-0350R-Y,45,29500,2025年8月25日
西出,506012-0350R-DK,143,29500,2025年8月25日
西出,506011-9700R-S,142,29000,2025年8月25日
西出,506011-9630R-S,142,29000,2025年8月25日
西出,447190-911R,10,39000,2025年8月25日
西出,447190-909R,10,61000,2025年8月25日
西出,447190-888R,10,39600,2025年8月25日
西出,447190-860R,10,39000,2025年8月25日
西出,447190-663R,10,30400,2025年8月25日
西出,447190-659R,10,31300,2025年8月25日
西出,447190-612R,10,28800,2025年8月25日
西出,447190-581R,10,42700,2025年8月25日
西出,447190-521R,10,33700,2025年8月25日
西出,447190-511R,10,29600,2025年8月25日
西出,447190-358R,10,33700,2025年8月25日
西出,447190-357R,10,34900,2025年8月25日
西出,447190-348R,10,29600,2025年8月25日
西出,447190-347R,10,33500,2025年8月25日
西出,447190-323R,10,42400,2025年8月25日
西出,447190-274R,10,28800,2025年8月25日
西出,447190-258R,10,31000,2025年8月25日
西出,447190-254R,10,87700,2025年8月25日
西出,447180-947R,10,35200,2025年8月25日
西出,447180-907R,10,36500,2025年8月25日
西出,447180-897R,10,37200,2025年8月25日
西出,447180-880R,10,31300,2025年8月25日
西出,447180-834R,10,35000,2025年8月25日
西出,447180-787R,10,31700,2025年8月25日
西出,447180-780R,10,33700,2025年8月25日
西出,447180-745R,10,33700,2025年8月25日
西出,447180-262R,10,78000,2025年8月25日
西出,447170-951R,10,31700,2025年8月25日
西出,447170-709R,10,29600,2025年8月25日
西出,447170-361R,10,29600,2025年8月25日
西出,447160-983R,10,37200,2025年8月25日
西出,447160-951R,10,29700,2025年8月25日
西出,447160-895R,10,31700,2025年8月25日
西出,447160-872R,10,28800,2025年8月25日
西出,447160-815R,10,41200,2025年8月25日
西出,447160-488R,10,32300,2025年8月25日
西出,447160-465R,10,33500,2025年8月25日
西出,447160-416R,10,29700,2025年8月25日
西出,447160-313R,10,87700,2025年8月25日
西出,447160-184R,10,37200,2025年8月25日
西出,447160-131R,10,31700,2025年8月25日
西出,447160-075R,10,31500,2025年8月25日
西出,447160-054R,10,29700,2025年8月25日
西出,447160-044R,10,28800,2025年8月25日
西出,447160-043R,10,29700,2025年8月25日
西出,447160-042R,10,29700,2025年8月25日
西出,447160-040R,10,40300,2025年8月25日
西出,447160-028R-JK,10,42700,2025年8月25日
西出,447160-027R-JK,10,42700,2025年8月25日
西出,447150-960R,10,42400,2025年8月25日
西出,447150-867R,10,40500,2025年8月25日
西出,447150-766R,10,45900,2025年8月25日
西出,447150-765R,10,45800,2025年8月25日
西出,447150-762R,10,48600,2025年8月25日
西出,447150-678R,10,46500,2025年8月25日
西出,447150-517R,10,46400,2025年8月25日
西出,447150-484R,10,45400,2025年8月25日
西出,447150-108R,10,39000,2025年8月25日
西出,447140-796R,10,33800,2025年8月25日
西出,447140-794R,10,35500,2025年8月25日
西出,447140-751R,10,32200,2025年8月25日
西出,447140-644R,10,35500,2025年8月25日
西出,447140-629R,10,34900,2025年8月25日
西出,447140-532R,10,39600,2025年8月25日
西出,447140-252R,10,40300,2025年8月25日
西出,447140-219R,10,49700,2025年8月25日
西出,447140-218R,10,44160,2025年8月25日
西出,447140-071R,10,29700,2025年8月25日
西出,447140-055R,10,29700,2025年8月25日
西出,447140-054R,10,28800,2025年8月25日
西出,447110-207R,10,32200,2025年8月25日
西出,447110-194R,10,35100,2025年8月25日
西出,447100-364R,10,66000,2025年8月25日
西出,447100-150R,10,28800,2025年8月25日
西出,447100-008R,10,28800,2025年8月25日
西出,438000-507R,10,28200,2025年8月25日
西出,438000-436R,10,12500,2025年8月25日
西出,438000-310R,10,31300,2025年8月25日
西出,438000-298R,10,28200,2025年8月25日
西出,438000-247R,10,28200,2025年8月25日
西出,438000-242R,10,28200,2025年8月25日
西出,438000-230R,10,13900,2025年8月25日
西出,438000-206R,10,12000,2025年8月25日
西出,438000-169R,10,13500,2025年8月25日
西出,438000-168R,10,16500,2025年8月25日
西出,428000-989R,10,14400,2025年8月25日
西出,428000-937R,10,11900,2025年8月25日
西出,428000-790R,10,28200,2025年8月25日
西出,428000-741R,10,28200,2025年8月25日
西出,428000-682R,10,28200,2025年8月25日
西出,428000-645R,10,10700,2025年8月25日
西出,428000-582R,10,15700,2025年8月25日
西出,428000-581R,10,11000,2025年8月25日
西出,428000-560R,10,10700,2025年8月25日
西出,428000-501R-H,10,17500,2025年8月25日
西出,428000-496R,10,11000,2025年8月25日
西出,428000-474R,10,11900,2025年8月25日
西出,428000-411R,10,11900,2025年8月25日
西出,428000-405R,10,11900,2025年8月25日
西出,428000-401R,10,10800,2025年8月25日
西出,428000-214R,10,13800,2025年8月25日
西出,428000-126R,10,18000,2025年8月25日
西出,428000-059R,10,16500,2025年8月25日
西出,428000-029R,10,21400,2025年8月25日
西出,428000-025R,10,28100,2025年8月25日
西出,428000-004R,10,8380,2025年8月25日
西出,38810-RBJ-006R-S,61,32000,2025年8月25日
西出,38810-RB0-006R-S,61,30000,2025年8月25日
西出,38810-5YS-J01R-S,61,29000,2025年8月25日
西出,38810-5KP-J01-MF,84,75900,2025年8月25日
西出,31200-5Z1-014R-S1,170,16700,2025年8月25日
西出,31200-5R0-J02R-S1,170,19300,2025年8月25日
西出,31200-5R0-J01R-S1,50,24600,2025年8月25日
西出,27060-0V280R-F,8,38200,2025年8月25日
西出,23300-AX00B-Y,45,11900,2025年8月25日
西出,2310A-5TA0AR-S,50,70000,2025年8月25日
西出,2310A-1VA0A-Y,9980,70000,2025年8月25日
西出,23100-7MA1AR-Y,45,40400,2025年8月25日
西出,23100-7MA1AR-F,9980,40400,2025年8月25日
西出,228000-951R,10,8130,2025年8月25日
西出,228000-854R,10,11900,2025年8月25日
西出,228000-827R,10,12000,2025年8月25日
西出,228000-806R,10,10700,2025年8月25日
西出,228000-800R,10,14100,2025年8月25日
西出,228000-783R,10,10700,2025年8月25日
西出,228000-759R,10,13000,2025年8月25日
西出,228000-648R,10,18000,2025年8月25日
西出,228000-621R,10,16300,2025年8月25日
西出,228000-614R,10,10700,2025年8月25日
西出,228000-514R,10,22000,2025年8月25日
西出,228000-502R,10,23800,2025年8月25日
西出,228000-258R,10,15700,2025年8月25日
西出,128000-672R,10,14900,2025年8月25日
西出,104211-959R,10,38000,2025年8月25日
西出,104211-897R-T,10,30700,2025年8月25日
西出,104211-822R-T,10,35700,2025年8月25日
西出,104211-715R,10,35400,2025年8月25日
西出,104211-702R,10,38900,2025年8月25日
西出,104211-471R-T,10,38200,2025年8月25日
西出,104211-454R-T,10,42500,2025年8月25日
西出,104211-435R-T,10,30700,2025年8月25日
西出,104211-430R-T,10,33000,2025年8月25日
西出,104211-395R-T,10,29800,2025年8月25日
西出,104211-390R-T,10,44300,2025年8月25日
西出,104211-382R-T,10,29000,2025年8月25日
西出,104211-380R-T,10,31700,2025年8月25日
西出,104211-368R,10,20500,2025年8月25日
西出,104211-352R-T,10,32800,2025年8月25日
西出,104211-346R-T,10,30700,2025年8月25日
西出,104211-327R,10,20500,2025年8月25日
西出,104211-322R-T,10,30500,2025年8月25日
西出,104211-320R-T,10,30500,2025年8月25日
西出,104211-307R-T,10,30500,2025年8月25日
西出,104211-294R,10,15700,2025年8月25日
西出,104211-266R,10,15700,2025年8月25日
西出,104211-265R-T,10,30700,2025年8月25日
西出,104211-264R,10,18100,2025年8月25日
西出,104211-235R,10,17000,2025年8月25日
西出,104211-231R,10,16000,2025年8月25日
西出,104211-230R,10,15700,2025年8月25日
西出,104211-225R,10,15800,2025年8月25日
西出,104211-215R,10,15700,2025年8月25日
西出,104211-210R-T,10,19800,2025年8月25日
西出,104211-209R,10,23300,2025年8月25日
西出,104210-995R-T,10,30700,2025年8月25日
西出,104210-966R-T,10,30700,2025年8月25日
西出,104210-955R,10,18600,2025年8月25日
西出,104210-953R-T,10,27900,2025年8月25日
西出,104210-943R,10,19700,2025年8月25日
西出,104210-864R,10,14900,2025年8月25日
西出,104210-852R-T,10,30500,2025年8月25日
西出,104210-849R-T,10,28700,2025年8月25日
西出,104210-843R,10,15700,2025年8月25日
西出,104210-839R,10,19200,2025年8月25日
西出,104210-836R-T,10,27300,2025年8月25日
西出,104210-817R,10,15700,2025年8月25日
西出,104210-552R-T,10,29400,2025年8月25日
西出,104210-544R-T,10,27600,2025年8月25日
西出,104210-532R-T,10,31100,2025年8月25日
西出,104210-527R-T,10,30800,2025年8月25日
西出,104210-460R-T,10,26700,2025年8月25日
西出,104210-406R-T,10,23500,2025年8月25日
西出,104210-399R,10,28000,2025年8月25日
西出,104210-381R,10,37000,2025年8月25日
西出,104210-380R,10,35000,2025年8月25日
西出,104210-367R,10,16000,2025年8月25日
西出,104210-361R-T,10,31200,2025年8月25日
西出,104210-340R,10,42100,2025年8月25日
西出,104210-187R-T,10,29100,2025年8月25日
西出,104210-186R-T,10,28700,2025年8月25日
西出,104210-181R,10,35000,2025年8月25日
西出,104210-178R-T,10,24000,2025年8月25日
西出,104210-166R-T,10,33800,2025年8月25日
西出,104210-157R-T,10,40500,2025年8月25日
西出,104210-143R-T,10,24000,2025年8月25日
西出,104210-142R-T,10,35700,2025年8月25日
西出,102211-922R,10,15000,2025年8月25日
西出,102211-908R,10,15700,2025年8月25日
西出,102211-715R,10,15000,2025年8月25日
西出,102211-714R,10,15000,2025年8月25日
西出,102211-710R,10,15000,2025年8月25日
西出,102211-635R,10,15700,2025年8月25日
西出,102211-631R,10,15000,2025年8月25日
西出,102211-628R,10,15700,2025年8月25日
西出,102211-627R,10,15700,2025年8月25日
西出,102211-626R,10,15700,2025年8月25日
西出,102211-624R,10,15700,2025年8月25日
西出,102211-622R,10,15700,2025年8月25日
西出,102211-607R,10,15700,2025年8月25日
西出,102211-601R,10,15700,2025年8月25日
西出,102211-596R,10,15000,2025年8月25日
西出,102211-595R,10,15700,2025年8月25日
西出,102211-594R,10,15700,2025年8月25日
西出,102211-583R,10,15000,2025年8月25日
西出,102211-533R,10,15700,2025年8月25日
西出,102211-521R,10,15000,2025年8月25日
西出,102211-418R,10,36000,2025年8月25日
西出,102211-415R,10,33700,2025年8月25日
西出,102211-414R,10,33000,2025年8月25日
西出,102211-409R,10,32500,2025年8月25日
西出,102211-260R,10,15700,2025年8月25日
西出,102211-072R,10,20500,2025年8月25日
西出,101211-889R,10,15000,2025年8月25日
西出,101211-867R,10,15000,2025年8月25日
西出,100213-283R,10,39300,2025年8月25日
西出,100211-930R,10,15000,2025年8月25日
西出,100211-588R,10,37600,2025年8月25日
西出,042400-037R,10,54100,2025年8月25日
西出,042200-155R,10,54100,2025年8月25日
西出,042200-135R,10,60300,2025年8月25日
西出,042200-132R,10,60100,2025年8月25日
西出,042200-046R,10,75500,2025年8月25日
西出,0365-502-034R,40,57800,2025年8月25日
西出,0365-502-033R,40,62400,2025年8月25日
西出,0365-502-032R,40,64300,2025年8月25日
西出,0365-502-015R,40,63500,2025年8月25日
西出,0365-502-014R,40,60800,2025年8月25日
西出,0365-502-013R,40,53200,2025年8月25日
西出,0365-502-012R,40,55000,2025年8月25日
西出,0365-502-002R,40,57800,2025年8月25日
西出,0365-402-014R,40,56300,2025年8月25日
西出,0355-502-002R,40,54500,2025年8月25日
西出,0350-502-046R,40,71700,2025年8月25日
西出,035000-875R,30,169600,2025年8月25日
西出,035000-517R,30,48400,2025年8月25日
西出,035000-481R,30,48200,2025年8月25日
西出,035000-071R,30,51200,2025年8月25日
西出,0201-252-111R,40,143000,2025年8月25日
西出,0201-252-011R,40,159300,2025年8月25日
西出,S25-521R,20,27000,2025年8月25日
西出,228000-895R,10,14500,2025年8月25日
西出,2310A-1VM0A-Y2,9980,83000,2025年8月25日
西出,447110-106R,10,29700,2025年8月25日
西出,447190-481R,10,35000,2025年8月25日
西出,92600-CJ73AR-S,163,29000,2025年8月25日
西出,95200-58J70R-S,71,30000,2025年8月25日
西出,974380-0636,10,16000,2025年8月25日
西出,102211-407R,10,44500,2025年8月25日
西出,104210-122R,10,30000,2025年8月25日
西出,104211-275R,10,21700,2025年8月25日
西出,104211-490R-T,10,78200,2025年8月25日
西出,228000-892R,10,24200,2025年8月25日
西出,438000-231R,10,11400,2025年8月25日
西出,447140-594R,10,29700,2025年8月25日
西出,447140-645R,10,35500,2025年8月25日
西出,447160-185R,10,31700,2025年8月25日
西出,447180-679R,10,40500,2025年8月25日
西出,447190-221R,10,29700,2025年8月25日
西出,506041-0210R-T,140,28000,2025年8月25日
西出,92600-3TA5DR-F,167,34000,2025年8月25日
西出,92600-CJ75DR-W,160,30000,2025年8月25日
西出,A003TA2699BR,50,31700,2025年8月25日
西出,AY-0124525216,45,45000,2025年8月25日
西出,CR64P20-SR,72,28000,2025年8月25日
